,Date,ID,Name,Number Sold,Discount,Price,Event,Weather,Restaurant Type,Restaurant ID,Restaurant Address,Restaurant Annual Sale
0,2024-06-01,P008,Dish 1,313,0.0,25,,Sunny,Bubble Tea Shop,R121,Wan Chai,94618
1,2024-06-01,P008,Dish 2,362,0.0,24,,Sunny,Bubble Tea Shop,R121,Wan Chai,94618
2,2024-06-01,P008,Dish 3,308,0.0,15,,Sunny,Bubble Tea Shop,R121,Wan Chai,94618
3,2024-06-01,P008,Dish 4,320,0.0,27,,Sunny,Bubble Tea Shop,R121,Wan Chai,94618
4,2024-06-02,P009,Dish 1,674,0.2,16,,Cloudy,Bubble Tea Shop,R121,Wan Chai,94618
5,2024-06-02,P009,Dish 2,389,0.2,50,,Cloudy,Bubble Tea Shop,R121,Wan Chai,94618
6,2024-06-02,P009,Dish 3,554,0.2,22,,Cloudy,Bubble Tea Shop,R121,Wan Chai,94618
7,2024-06-02,P009,Dish 4,456,0.2,39,,Cloudy,Bubble Tea Shop,R121,Wan Chai,94618
8,2024-06-03,P010,Dish 1,280,0.05,41,,Rainy,Bubble Tea Shop,R121,Wan Chai,94618
9,2024-06-03,P010,Dish 2,362,0.05,10,,Rainy,Bubble Tea Shop,R121,Wan Chai,94618
10,2024-06-03,P010,Dish 3,300,0.05,25,,Rainy,Bubble Tea Shop,R121,Wan Chai,94618
11,2024-06-03,P010,Dish 4,222,0.05,39,,Rainy,Bubble Tea Shop,R121,Wan Chai,94618
12,2024-06-04,P011,Dish 1,377,0.0,39,,Sunny,Bubble Tea Shop,R121,Wan Chai,94618
13,2024-06-04,P011,Dish 2,313,0.0,17,,Sunny,Bubble Tea Shop,R121,Wan Chai,94618
14,2024-06-04,P011,Dish 3,251,0.0,43,,Sunny,Bubble Tea Shop,R121,Wan Chai,94618
15,2024-06-04,P011,Dish 4,390,0.0,34,,Sunny,Bubble Tea Shop,R121,Wan Chai,94618
16,2024-06-05,P012,Dish 1,378,0.1,29,,Sunny,Bubble Tea Shop,R121,Wan Chai,94618
17,2024-06-05,P012,Dish 2,366,0.1,30,,Sunny,Bubble Tea Shop,R121,Wan Chai,94618
18,2024-06-05,P012,Dish 3,242,0.1,50,,Sunny,Bubble Tea Shop,R121,Wan Chai,94618
19,2024-06-05,P012,Dish 4,298,0.1,44,,Sunny,Bubble Tea Shop,R121,Wan Chai,94618
20,2024-06-06,P013,Dish 1,272,0.1,48,,Sunny,Bubble Tea Shop,R121,Wan Chai,94618
21,2024-06-06,P013,Dish 2,311,0.1,23,,Sunny,Bubble Tea Shop,R121,Wan Chai,94618
22,2024-06-06,P013,Dish 3,494,0.1,13,,Sunny,Bubble Tea Shop,R121,Wan Chai,94618
23,2024-06-06,P013,Dish 4,322,0.1,48,,Sunny,Bubble Tea Shop,R121,Wan Chai,94618
24,2024-06-07,P014,Dish 1,236,0.0,42,,Rainy,Bubble Tea Shop,R121,Wan Chai,94618
25,2024-06-07,P014,Dish 2,254,0.0,34,,Rainy,Bubble Tea Shop,R121,Wan Chai,94618
26,2024-06-07,P014,Dish 3,226,0.0,26,,Rainy,Bubble Tea Shop,R121,Wan Chai,94618
27,2024-06-07,P014,Dish 4,254,0.0,29,,Rainy,Bubble Tea Shop,R121,Wan Chai,94618
28,2024-06-08,P015,Dish 1,339,0.0,14,,Windy,Bubble Tea Shop,R121,Wan Chai,94618
29,2024-06-08,P015,Dish 2,436,0.0,10,,Windy,Bubble Tea Shop,R121,Wan Chai,94618
30,2024-06-08,P015,Dish 3,482,0.0,24,,Windy,Bubble Tea Shop,R121,Wan Chai,94618
31,2024-06-08,P015,Dish 4,375,0.0,21,,Windy,Bubble Tea Shop,R121,Wan Chai,94618
32,2024-06-09,P016,Dish 1,415,0.0,28,,Rainy,Bubble Tea Shop,R121,Wan Chai,94618
33,2024-06-09,P016,Dish 2,378,0.0,31,,Rainy,Bubble Tea Shop,R121,Wan Chai,94618
34,2024-06-09,P016,Dish 3,388,0.0,18,,Rainy,Bubble Tea Shop,R121,Wan Chai,94618
35,2024-06-09,P016,Dish 4,220,0.0,48,,Rainy,Bubble Tea Shop,R121,Wan Chai,94618
36,2024-06-10,P017,Dish 1,405,0.25,23,,Sunny,Bubble Tea Shop,R121,Wan Chai,94618
37,2024-06-10,P017,Dish 2,643,0.25,18,,Sunny,Bubble Tea Shop,R121,Wan Chai,94618
38,2024-06-10,P017,Dish 3,472,0.25,27,,Sunny,Bubble Tea Shop,R121,Wan Chai,94618
39,2024-06-10,P017,Dish 4,359,0.25,30,,Sunny,Bubble Tea Shop,R121,Wan Chai,94618
40,2024-06-11,P018,Dish 1,494,0.2,30,,Sunny,Bubble Tea Shop,R121,Wan Chai,94618
41,2024-06-11,P018,Dish 2,343,0.2,33,,Sunny,Bubble Tea Shop,R121,Wan Chai,94618
42,2024-06-11,P018,Dish 3,523,0.2,21,,Sunny,Bubble Tea Shop,R121,Wan Chai,94618
43,2024-06-11,P018,Dish 4,571,0.2,18,,Sunny,Bubble Tea Shop,R121,Wan Chai,94618
44,2024-06-12,P019,Dish 1,403,0.2,17,,Sunny,Bubble Tea Shop,R121,Wan Chai,94618
45,2024-06-12,P019,Dish 2,568,0.2,32,,Sunny,Bubble Tea Shop,R121,Wan Chai,94618
46,2024-06-12,P019,Dish 3,299,0.2,18,,Sunny,Bubble Tea Shop,R121,Wan Chai,94618
47,2024-06-12,P019,Dish 4,475,0.2,29,,Sunny,Bubble Tea Shop,R121,Wan Chai,94618
48,2024-06-13,P020,Dish 1,425,0.1,23,,Sunny,Bubble Tea Shop,R121,Wan Chai,94618
49,2024-06-13,P020,Dish 2,361,0.1,29,,Sunny,Bubble Tea Shop,R121,Wan Chai,94618
50,2024-06-13,P020,Dish 3,334,0.1,48,,Sunny,Bubble Tea Shop,R121,Wan Chai,94618
51,2024-06-13,P020,Dish 4,412,0.1,13,,Sunny,Bubble Tea Shop,R121,Wan Chai,94618
52,2024-06-14,P021,Dish 1,437,0.05,15,,Sunny,Bubble Tea Shop,R121,Wan Chai,94618
53,2024-06-14,P021,Dish 2,343,0.05,17,,Sunny,Bubble Tea Shop,R121,Wan Chai,94618
54,2024-06-14,P021,Dish 3,290,0.05,16,,Sunny,Bubble Tea Shop,R121,Wan Chai,94618
55,2024-06-14,P021,Dish 4,209,0.05,50,,Sunny,Bubble Tea Shop,R121,Wan Chai,94618
56,2024-06-15,P022,Dish 1,419,0.1,36,,Rainy,Bubble Tea Shop,R121,Wan Chai,94618
57,2024-06-15,P022,Dish 2,447,0.1,33,,Rainy,Bubble Tea Shop,R121,Wan Chai,94618
58,2024-06-15,P022,Dish 3,334,0.1,30,,Rainy,Bubble Tea Shop,R121,Wan Chai,94618
59,2024-06-15,P022,Dish 4,428,0.1,50,,Rainy,Bubble Tea Shop,R121,Wan Chai,94618
60,2024-06-16,P023,Dish 1,407,0.2,10,,Rainy,Bubble Tea Shop,R121,Wan Chai,94618
61,2024-06-16,P023,Dish 2,437,0.2,20,,Rainy,Bubble Tea Shop,R121,Wan Chai,94618
62,2024-06-16,P023,Dish 3,374,0.2,40,,Rainy,Bubble Tea Shop,R121,Wan Chai,94618
63,2024-06-16,P023,Dish 4,440,0.2,31,,Rainy,Bubble Tea Shop,R121,Wan Chai,94618
64,2024-06-17,P024,Dish 1,557,0.1,31,,Cloudy,Bubble Tea Shop,R121,Wan Chai,94618
65,2024-06-17,P024,Dish 2,393,0.1,47,,Cloudy,Bubble Tea Shop,R121,Wan Chai,94618
66,2024-06-17,P024,Dish 3,343,0.1,33,,Cloudy,Bubble Tea Shop,R121,Wan Chai,94618
67,2024-06-17,P024,Dish 4,325,0.1,45,,Cloudy,Bubble Tea Shop,R121,Wan Chai,94618
68,2024-06-18,P025,Dish 1,257,0.05,10,,Rainy,Bubble Tea Shop,R121,Wan Chai,94618
69,2024-06-18,P025,Dish 2,301,0.05,21,,Rainy,Bubble Tea Shop,R121,Wan Chai,94618
70,2024-06-18,P025,Dish 3,258,0.05,35,,Rainy,Bubble Tea Shop,R121,Wan Chai,94618
71,2024-06-18,P025,Dish 4,246,0.05,30,,Rainy,Bubble Tea Shop,R121,Wan Chai,94618
72,2024-06-19,P026,Dish 1,348,0.1,12,,Rainy,Bubble Tea Shop,R121,Wan Chai,94618
73,2024-06-19,P026,Dish 2,335,0.1,37,,Rainy,Bubble Tea Shop,R121,Wan Chai,94618
74,2024-06-19,P026,Dish 3,454,0.1,10,,Rainy,Bubble Tea Shop,R121,Wan Chai,94618
75,2024-06-19,P026,Dish 4,333,0.1,37,,Rainy,Bubble Tea Shop,R121,Wan Chai,94618
76,2024-06-20,P027,Dish 1,410,0.25,44,,Sunny,Bubble Tea Shop,R121,Wan Chai,94618
77,2024-06-20,P027,Dish 2,434,0.25,42,,Sunny,Bubble Tea Shop,R121,Wan Chai,94618
78,2024-06-20,P027,Dish 3,403,0.25,36,,Sunny,Bubble Tea Shop,R121,Wan Chai,94618
79,2024-06-20,P027,Dish 4,358,0.25,31,,Sunny,Bubble Tea Shop,R121,Wan Chai,94618
80,2024-06-21,P028,Dish 1,257,0.0,22,,Cloudy,Bubble Tea Shop,R121,Wan Chai,94618
81,2024-06-21,P028,Dish 2,263,0.0,19,,Cloudy,Bubble Tea Shop,R121,Wan Chai,94618
82,2024-06-21,P028,Dish 3,238,0.0,16,,Cloudy,Bubble Tea Shop,R121,Wan Chai,94618
83,2024-06-21,P028,Dish 4,263,0.0,32,,Cloudy,Bubble Tea Shop,R121,Wan Chai,94618
84,2024-06-22,P029,Dish 1,346,0.05,47,,Sunny,Bubble Tea Shop,R121,Wan Chai,94618
85,2024-06-22,P029,Dish 2,292,0.05,47,,Sunny,Bubble Tea Shop,R121,Wan Chai,94618
86,2024-06-22,P029,Dish 3,360,0.05,37,,Sunny,Bubble Tea Shop,R121,Wan Chai,94618
87,2024-06-22,P029,Dish 4,350,0.05,24,,Sunny,Bubble Tea Shop,R121,Wan Chai,94618
88,2024-06-23,P030,Dish 1,441,0.2,17,,Rainy,Bubble Tea Shop,R121,Wan Chai,94618
89,2024-06-23,P030,Dish 2,460,0.2,21,,Rainy,Bubble Tea Shop,R121,Wan Chai,94618
90,2024-06-23,P030,Dish 3,446,0.2,14,,Rainy,Bubble Tea Shop,R121,Wan Chai,94618
91,2024-06-23,P030,Dish 4,400,0.2,10,,Rainy,Bubble Tea Shop,R121,Wan Chai,94618
92,2024-06-24,P031,Dish 1,432,0.05,13,,Sunny,Bubble Tea Shop,R121,Wan Chai,94618
93,2024-06-24,P031,Dish 2,230,0.05,32,,Sunny,Bubble Tea Shop,R121,Wan Chai,94618
94,2024-06-24,P031,Dish 3,311,0.05,10,,Sunny,Bubble Tea Shop,R121,Wan Chai,94618
95,2024-06-24,P031,Dish 4,417,0.05,11,,Sunny,Bubble Tea Shop,R121,Wan Chai,94618
96,2024-06-25,P032,Dish 1,345,0.05,26,,Sunny,Bubble Tea Shop,R121,Wan Chai,94618
97,2024-06-25,P032,Dish 2,300,0.05,24,,Sunny,Bubble Tea Shop,R121,Wan Chai,94618
98,2024-06-25,P032,Dish 3,330,0.05,35,,Sunny,Bubble Tea Shop,R121,Wan Chai,94618
99,2024-06-25,P032,Dish 4,452,0.05,24,,Sunny,Bubble Tea Shop,R121,Wan Chai,94618
100,2024-06-26,P033,Dish 1,237,0.05,35,,Windy,Bubble Tea Shop,R121,Wan Chai,94618
101,2024-06-26,P033,Dish 2,478,0.05,13,,Windy,Bubble Tea Shop,R121,Wan Chai,94618
102,2024-06-26,P033,Dish 3,361,0.05,28,,Windy,Bubble Tea Shop,R121,Wan Chai,94618
103,2024-06-26,P033,Dish 4,263,0.05,43,,Windy,Bubble Tea Shop,R121,Wan Chai,94618
104,2024-06-27,P034,Dish 1,313,0.0,10,,Windy,Bubble Tea Shop,R121,Wan Chai,94618
105,2024-06-27,P034,Dish 2,302,0.0,29,,Windy,Bubble Tea Shop,R121,Wan Chai,94618
106,2024-06-27,P034,Dish 3,405,0.0,12,,Windy,Bubble Tea Shop,R121,Wan Chai,94618
107,2024-06-27,P034,Dish 4,364,0.0,21,,Windy,Bubble Tea Shop,R121,Wan Chai,94618
108,2024-06-28,P035,Dish 1,309,0.1,44,,Cloudy,Bubble Tea Shop,R121,Wan Chai,94618
109,2024-06-28,P035,Dish 2,408,0.1,19,,Cloudy,Bubble Tea Shop,R121,Wan Chai,94618
110,2024-06-28,P035,Dish 3,329,0.1,50,,Cloudy,Bubble Tea Shop,R121,Wan Chai,94618
111,2024-06-28,P035,Dish 4,347,0.1,16,,Cloudy,Bubble Tea Shop,R121,Wan Chai,94618
112,2024-06-29,P036,Dish 1,593,0.25,22,,Sunny,Bubble Tea Shop,R121,Wan Chai,94618
113,2024-06-29,P036,Dish 2,623,0.25,32,,Sunny,Bubble Tea Shop,R121,Wan Chai,94618
114,2024-06-29,P036,Dish 3,629,0.25,36,,Sunny,Bubble Tea Shop,R121,Wan Chai,94618
115,2024-06-29,P036,Dish 4,489,0.25,47,,Sunny,Bubble Tea Shop,R121,Wan Chai,94618
116,2024-06-30,P037,Dish 1,357,0.2,38,,Rainy,Bubble Tea Shop,R121,Wan Chai,94618
117,2024-06-30,P037,Dish 2,429,0.2,10,,Rainy,Bubble Tea Shop,R121,Wan Chai,94618
118,2024-06-30,P037,Dish 3,454,0.2,45,,Rainy,Bubble Tea Shop,R121,Wan Chai,94618
119,2024-06-30,P037,Dish 4,289,0.2,41,,Rainy,Bubble Tea Shop,R121,Wan Chai,94618
120,2024-07-01,P009,Dish 1,322,0.1,48,,Sunny,Bubble Tea Shop,R121,Wan Chai,94618
121,2024-07-01,P009,Dish 2,322,0.1,27,,Sunny,Bubble Tea Shop,R121,Wan Chai,94618
122,2024-07-01,P009,Dish 3,225,0.1,48,,Sunny,Bubble Tea Shop,R121,Wan Chai,94618
123,2024-07-01,P009,Dish 4,378,0.1,38,,Sunny,Bubble Tea Shop,R121,Wan Chai,94618
124,2024-07-02,P010,Dish 1,317,0.1,15,,Rainy,Bubble Tea Shop,R121,Wan Chai,94618
125,2024-07-02,P010,Dish 2,353,0.1,10,,Rainy,Bubble Tea Shop,R121,Wan Chai,94618
126,2024-07-02,P010,Dish 3,327,0.1,15,,Rainy,Bubble Tea Shop,R121,Wan Chai,94618
127,2024-07-02,P010,Dish 4,213,0.1,41,,Rainy,Bubble Tea Shop,R121,Wan Chai,94618
128,2024-07-03,P011,Dish 1,334,0.2,31,,Sunny,Bubble Tea Shop,R121,Wan Chai,94618
129,2024-07-03,P011,Dish 2,314,0.2,46,,Sunny,Bubble Tea Shop,R121,Wan Chai,94618
130,2024-07-03,P011,Dish 3,474,0.2,32,,Sunny,Bubble Tea Shop,R121,Wan Chai,94618
131,2024-07-03,P011,Dish 4,277,0.2,50,,Sunny,Bubble Tea Shop,R121,Wan Chai,94618
132,2024-07-04,P012,Dish 1,332,0.0,16,,Cloudy,Bubble Tea Shop,R121,Wan Chai,94618
133,2024-07-04,P012,Dish 2,189,0.0,31,,Cloudy,Bubble Tea Shop,R121,Wan Chai,94618
134,2024-07-04,P012,Dish 3,222,0.0,20,,Cloudy,Bubble Tea Shop,R121,Wan Chai,94618
135,2024-07-04,P012,Dish 4,351,0.0,26,,Cloudy,Bubble Tea Shop,R121,Wan Chai,94618
136,2024-07-05,P013,Dish 1,409,0.25,39,,Cloudy,Bubble Tea Shop,R121,Wan Chai,94618
137,2024-07-05,P013,Dish 2,383,0.25,34,,Cloudy,Bubble Tea Shop,R121,Wan Chai,94618
138,2024-07-05,P013,Dish 3,525,0.25,11,,Cloudy,Bubble Tea Shop,R121,Wan Chai,94618
139,2024-07-05,P013,Dish 4,556,0.25,10,,Cloudy,Bubble Tea Shop,R121,Wan Chai,94618
140,2024-07-06,P014,Dish 1,294,0.1,43,,Windy,Bubble Tea Shop,R121,Wan Chai,94618
141,2024-07-06,P014,Dish 2,366,0.1,48,,Windy,Bubble Tea Shop,R121,Wan Chai,94618
142,2024-07-06,P014,Dish 3,543,0.1,20,,Windy,Bubble Tea Shop,R121,Wan Chai,94618
143,2024-07-06,P014,Dish 4,576,0.1,12,,Windy,Bubble Tea Shop,R121,Wan Chai,94618
144,2024-07-07,P015,Dish 1,536,0.25,30,,Cloudy,Bubble Tea Shop,R121,Wan Chai,94618
145,2024-07-07,P015,Dish 2,443,0.25,37,,Cloudy,Bubble Tea Shop,R121,Wan Chai,94618
146,2024-07-07,P015,Dish 3,488,0.25,38,,Cloudy,Bubble Tea Shop,R121,Wan Chai,94618
147,2024-07-07,P015,Dish 4,355,0.25,42,,Cloudy,Bubble Tea Shop,R121,Wan Chai,94618
148,2024-07-08,P016,Dish 1,444,0.25,33,,Rainy,Bubble Tea Shop,R121,Wan Chai,94618
149,2024-07-08,P016,Dish 2,581,0.25,20,,Rainy,Bubble Tea Shop,R121,Wan Chai,94618
150,2024-07-08,P016,Dish 3,327,0.25,49,,Rainy,Bubble Tea Shop,R121,Wan Chai,94618
151,2024-07-08,P016,Dish 4,508,0.25,13,,Rainy,Bubble Tea Shop,R121,Wan Chai,94618
152,2024-07-09,P017,Dish 1,199,0.1,50,,Rainy,Bubble Tea Shop,R121,Wan Chai,94618
153,2024-07-09,P017,Dish 2,330,0.1,40,,Rainy,Bubble Tea Shop,R121,Wan Chai,94618
154,2024-07-09,P017,Dish 3,257,0.1,34,,Rainy,Bubble Tea Shop,R121,Wan Chai,94618
155,2024-07-09,P017,Dish 4,366,0.1,48,,Rainy,Bubble Tea Shop,R121,Wan Chai,94618
156,2024-07-10,P018,Dish 1,342,0.1,48,,Rainy,Bubble Tea Shop,R121,Wan Chai,94618
157,2024-07-10,P018,Dish 2,490,0.1,26,,Rainy,Bubble Tea Shop,R121,Wan Chai,94618
158,2024-07-10,P018,Dish 3,355,0.1,28,,Rainy,Bubble Tea Shop,R121,Wan Chai,94618
159,2024-07-10,P018,Dish 4,418,0.1,27,,Rainy,Bubble Tea Shop,R121,Wan Chai,94618
160,2024-07-11,P019,Dish 1,448,0.2,48,,Rainy,Bubble Tea Shop,R121,Wan Chai,94618
161,2024-07-11,P019,Dish 2,413,0.2,38,,Rainy,Bubble Tea Shop,R121,Wan Chai,94618
162,2024-07-11,P019,Dish 3,404,0.2,29,,Rainy,Bubble Tea Shop,R121,Wan Chai,94618
163,2024-07-11,P019,Dish 4,480,0.2,50,,Rainy,Bubble Tea Shop,R121,Wan Chai,94618
164,2024-07-12,P020,Dish 1,329,0.0,31,,Rainy,Bubble Tea Shop,R121,Wan Chai,94618
165,2024-07-12,P020,Dish 2,367,0.0,26,,Rainy,Bubble Tea Shop,R121,Wan Chai,94618
166,2024-07-12,P020,Dish 3,280,0.0,34,,Rainy,Bubble Tea Shop,R121,Wan Chai,94618
167,2024-07-12,P020,Dish 4,290,0.0,31,,Rainy,Bubble Tea Shop,R121,Wan Chai,94618
168,2024-07-13,P021,Dish 1,342,0.0,24,,Sunny,Bubble Tea Shop,R121,Wan Chai,94618
169,2024-07-13,P021,Dish 2,396,0.0,17,,Sunny,Bubble Tea Shop,R121,Wan Chai,94618
170,2024-07-13,P021,Dish 3,458,0.0,40,,Sunny,Bubble Tea Shop,R121,Wan Chai,94618
171,2024-07-13,P021,Dish 4,405,0.0,50,,Sunny,Bubble Tea Shop,R121,Wan Chai,94618
172,2024-07-14,P022,Dish 1,490,0.05,35,,Sunny,Bubble Tea Shop,R121,Wan Chai,94618
173,2024-07-14,P022,Dish 2,409,0.05,15,,Sunny,Bubble Tea Shop,R121,Wan Chai,94618
174,2024-07-14,P022,Dish 3,502,0.05,21,,Sunny,Bubble Tea Shop,R121,Wan Chai,94618
175,2024-07-14,P022,Dish 4,447,0.05,24,,Sunny,Bubble Tea Shop,R121,Wan Chai,94618
176,2024-07-15,P023,Dish 1,294,0.05,11,,Windy,Bubble Tea Shop,R121,Wan Chai,94618
177,2024-07-15,P023,Dish 2,313,0.05,11,,Windy,Bubble Tea Shop,R121,Wan Chai,94618
178,2024-07-15,P023,Dish 3,208,0.05,49,,Windy,Bubble Tea Shop,R121,Wan Chai,94618
179,2024-07-15,P023,Dish 4,180,0.05,45,,Windy,Bubble Tea Shop,R121,Wan Chai,94618
180,2024-07-16,P024,Dish 1,434,0.25,35,,Cloudy,Bubble Tea Shop,R121,Wan Chai,94618
181,2024-07-16,P024,Dish 2,561,0.25,12,,Cloudy,Bubble Tea Shop,R121,Wan Chai,94618
182,2024-07-16,P024,Dish 3,379,0.25,12,,Cloudy,Bubble Tea Shop,R121,Wan Chai,94618
183,2024-07-16,P024,Dish 4,418,0.25,18,,Cloudy,Bubble Tea Shop,R121,Wan Chai,94618
184,2024-07-17,P025,Dish 1,433,0.2,15,,Rainy,Bubble Tea Shop,R121,Wan Chai,94618
185,2024-07-17,P025,Dish 2,271,0.2,44,,Rainy,Bubble Tea Shop,R121,Wan Chai,94618
186,2024-07-17,P025,Dish 3,351,0.2,45,,Rainy,Bubble Tea Shop,R121,Wan Chai,94618
187,2024-07-17,P025,Dish 4,369,0.2,20,,Rainy,Bubble Tea Shop,R121,Wan Chai,94618
188,2024-07-18,P026,Dish 1,315,0.0,41,,Sunny,Bubble Tea Shop,R121,Wan Chai,94618
189,2024-07-18,P026,Dish 2,331,0.0,26,,Sunny,Bubble Tea Shop,R121,Wan Chai,94618
190,2024-07-18,P026,Dish 3,336,0.0,37,,Sunny,Bubble Tea Shop,R121,Wan Chai,94618
191,2024-07-18,P026,Dish 4,275,0.0,21,,Sunny,Bubble Tea Shop,R121,Wan Chai,94618
192,2024-07-19,P027,Dish 1,476,0.2,18,,Sunny,Bubble Tea Shop,R121,Wan Chai,94618
193,2024-07-19,P027,Dish 2,624,0.2,14,,Sunny,Bubble Tea Shop,R121,Wan Chai,94618
194,2024-07-19,P027,Dish 3,501,0.2,12,,Sunny,Bubble Tea Shop,R121,Wan Chai,94618
195,2024-07-19,P027,Dish 4,382,0.2,15,,Sunny,Bubble Tea Shop,R121,Wan Chai,94618
196,2024-07-20,P028,Dish 1,507,0.2,18,,Windy,Bubble Tea Shop,R121,Wan Chai,94618
197,2024-07-20,P028,Dish 2,456,0.2,42,,Windy,Bubble Tea Shop,R121,Wan Chai,94618
198,2024-07-20,P028,Dish 3,560,0.2,16,,Windy,Bubble Tea Shop,R121,Wan Chai,94618
199,2024-07-20,P028,Dish 4,368,0.2,43,,Windy,Bubble Tea Shop,R121,Wan Chai,94618
200,2024-07-21,P029,Dish 1,531,0.2,38,,Sunny,Bubble Tea Shop,R121,Wan Chai,94618
201,2024-07-21,P029,Dish 2,647,0.2,35,,Sunny,Bubble Tea Shop,R121,Wan Chai,94618
202,2024-07-21,P029,Dish 3,442,0.2,23,,Sunny,Bubble Tea Shop,R121,Wan Chai,94618
203,2024-07-21,P029,Dish 4,599,0.2,15,,Sunny,Bubble Tea Shop,R121,Wan Chai,94618
204,2024-07-22,P030,Dish 1,424,0.2,40,,Windy,Bubble Tea Shop,R121,Wan Chai,94618
205,2024-07-22,P030,Dish 2,482,0.2,33,,Windy,Bubble Tea Shop,R121,Wan Chai,94618
206,2024-07-22,P030,Dish 3,435,0.2,50,,Windy,Bubble Tea Shop,R121,Wan Chai,94618
207,2024-07-22,P030,Dish 4,441,0.2,34,,Windy,Bubble Tea Shop,R121,Wan Chai,94618
208,2024-07-23,P031,Dish 1,387,0.2,13,,Sunny,Bubble Tea Shop,R121,Wan Chai,94618
209,2024-07-23,P031,Dish 2,460,0.2,45,,Sunny,Bubble Tea Shop,R121,Wan Chai,94618
210,2024-07-23,P031,Dish 3,480,0.2,40,,Sunny,Bubble Tea Shop,R121,Wan Chai,94618
211,2024-07-23,P031,Dish 4,513,0.2,19,,Sunny,Bubble Tea Shop,R121,Wan Chai,94618
212,2024-07-24,P032,Dish 1,394,0.05,21,,Sunny,Bubble Tea Shop,R121,Wan Chai,94618
213,2024-07-24,P032,Dish 2,170,0.05,43,,Sunny,Bubble Tea Shop,R121,Wan Chai,94618
214,2024-07-24,P032,Dish 3,280,0.05,27,,Sunny,Bubble Tea Shop,R121,Wan Chai,94618
215,2024-07-24,P032,Dish 4,263,0.05,20,,Sunny,Bubble Tea Shop,R121,Wan Chai,94618
216,2024-07-25,P033,Dish 1,379,0.25,22,,Windy,Bubble Tea Shop,R121,Wan Chai,94618
217,2024-07-25,P033,Dish 2,315,0.25,35,,Windy,Bubble Tea Shop,R121,Wan Chai,94618
218,2024-07-25,P033,Dish 3,349,0.25,48,,Windy,Bubble Tea Shop,R121,Wan Chai,94618
219,2024-07-25,P033,Dish 4,586,0.25,26,,Windy,Bubble Tea Shop,R121,Wan Chai,94618
220,2024-07-26,P034,Dish 1,410,0.05,12,,Sunny,Bubble Tea Shop,R121,Wan Chai,94618
221,2024-07-26,P034,Dish 2,234,0.05,30,,Sunny,Bubble Tea Shop,R121,Wan Chai,94618
222,2024-07-26,P034,Dish 3,272,0.05,47,,Sunny,Bubble Tea Shop,R121,Wan Chai,94618
223,2024-07-26,P034,Dish 4,346,0.05,39,,Sunny,Bubble Tea Shop,R121,Wan Chai,94618
224,2024-07-27,P035,Dish 1,556,0.1,33,,Cloudy,Bubble Tea Shop,R121,Wan Chai,94618
225,2024-07-27,P035,Dish 2,675,0.1,10,,Cloudy,Bubble Tea Shop,R121,Wan Chai,94618
226,2024-07-27,P035,Dish 3,519,0.1,35,,Cloudy,Bubble Tea Shop,R121,Wan Chai,94618
227,2024-07-27,P035,Dish 4,518,0.1,27,,Cloudy,Bubble Tea Shop,R121,Wan Chai,94618
228,2024-07-28,P036,Dish 1,322,0.0,47,,Windy,Bubble Tea Shop,R121,Wan Chai,94618
229,2024-07-28,P036,Dish 2,438,0.0,14,,Windy,Bubble Tea Shop,R121,Wan Chai,94618
230,2024-07-28,P036,Dish 3,573,0.0,13,,Windy,Bubble Tea Shop,R121,Wan Chai,94618
231,2024-07-28,P036,Dish 4,430,0.0,10,,Windy,Bubble Tea Shop,R121,Wan Chai,94618
232,2024-07-29,P037,Dish 1,325,0.05,27,,Rainy,Bubble Tea Shop,R121,Wan Chai,94618
233,2024-07-29,P037,Dish 2,369,0.05,17,,Rainy,Bubble Tea Shop,R121,Wan Chai,94618
234,2024-07-29,P037,Dish 3,318,0.05,50,,Rainy,Bubble Tea Shop,R121,Wan Chai,94618
235,2024-07-29,P037,Dish 4,365,0.05,28,,Rainy,Bubble Tea Shop,R121,Wan Chai,94618
236,2024-07-30,P038,Dish 1,251,0.05,21,,Rainy,Bubble Tea Shop,R121,Wan Chai,94618
237,2024-07-30,P038,Dish 2,300,0.05,18,,Rainy,Bubble Tea Shop,R121,Wan Chai,94618
238,2024-07-30,P038,Dish 3,417,0.05,13,,Rainy,Bubble Tea Shop,R121,Wan Chai,94618
239,2024-07-30,P038,Dish 4,321,0.05,12,,Rainy,Bubble Tea Shop,R121,Wan Chai,94618
240,2024-07-31,P039,Dish 1,355,0.0,23,,Sunny,Bubble Tea Shop,R121,Wan Chai,94618
241,2024-07-31,P039,Dish 2,264,0.0,36,,Sunny,Bubble Tea Shop,R121,Wan Chai,94618
242,2024-07-31,P039,Dish 3,279,0.0,19,,Sunny,Bubble Tea Shop,R121,Wan Chai,94618
243,2024-07-31,P039,Dish 4,341,0.0,35,,Sunny,Bubble Tea Shop,R121,Wan Chai,94618
244,2024-08-01,P010,Dish 1,467,0.2,23,,Rainy,Bubble Tea Shop,R121,Wan Chai,94618
245,2024-08-01,P010,Dish 2,355,0.2,50,,Rainy,Bubble Tea Shop,R121,Wan Chai,94618
246,2024-08-01,P010,Dish 3,246,0.2,36,,Rainy,Bubble Tea Shop,R121,Wan Chai,94618
247,2024-08-01,P010,Dish 4,368,0.2,45,,Rainy,Bubble Tea Shop,R121,Wan Chai,94618
248,2024-08-02,P011,Dish 1,269,0.1,19,,Rainy,Bubble Tea Shop,R121,Wan Chai,94618
249,2024-08-02,P011,Dish 2,300,0.1,40,,Rainy,Bubble Tea Shop,R121,Wan Chai,94618
250,2024-08-02,P011,Dish 3,270,0.1,29,,Rainy,Bubble Tea Shop,R121,Wan Chai,94618
251,2024-08-02,P011,Dish 4,298,0.1,20,,Rainy,Bubble Tea Shop,R121,Wan Chai,94618
252,2024-08-03,P012,Dish 1,404,0.05,42,,Sunny,Bubble Tea Shop,R121,Wan Chai,94618
253,2024-08-03,P012,Dish 2,427,0.05,16,,Sunny,Bubble Tea Shop,R121,Wan Chai,94618
254,2024-08-03,P012,Dish 3,373,0.05,24,,Sunny,Bubble Tea Shop,R121,Wan Chai,94618
255,2024-08-03,P012,Dish 4,436,0.05,42,,Sunny,Bubble Tea Shop,R121,Wan Chai,94618
256,2024-08-04,P013,Dish 1,314,0.0,46,,Sunny,Bubble Tea Shop,R121,Wan Chai,94618
257,2024-08-04,P013,Dish 2,434,0.0,10,,Sunny,Bubble Tea Shop,R121,Wan Chai,94618
258,2024-08-04,P013,Dish 3,311,0.0,23,,Sunny,Bubble Tea Shop,R121,Wan Chai,94618
259,2024-08-04,P013,Dish 4,290,0.0,40,,Sunny,Bubble Tea Shop,R121,Wan Chai,94618
260,2024-08-05,P014,Dish 1,299,0.2,47,,Windy,Bubble Tea Shop,R121,Wan Chai,94618
261,2024-08-05,P014,Dish 2,326,0.2,45,,Windy,Bubble Tea Shop,R121,Wan Chai,94618
262,2024-08-05,P014,Dish 3,319,0.2,35,,Windy,Bubble Tea Shop,R121,Wan Chai,94618
263,2024-08-05,P014,Dish 4,515,0.2,19,,Windy,Bubble Tea Shop,R121,Wan Chai,94618
264,2024-08-06,P015,Dish 1,389,0.2,50,,Rainy,Bubble Tea Shop,R121,Wan Chai,94618
265,2024-08-06,P015,Dish 2,306,0.2,41,,Rainy,Bubble Tea Shop,R121,Wan Chai,94618
266,2024-08-06,P015,Dish 3,328,0.2,40,,Rainy,Bubble Tea Shop,R121,Wan Chai,94618
267,2024-08-06,P015,Dish 4,506,0.2,29,,Rainy,Bubble Tea Shop,R121,Wan Chai,94618
268,2024-08-07,P016,Dish 1,342,0.05,39,,Sunny,Bubble Tea Shop,R121,Wan Chai,94618
269,2024-08-07,P016,Dish 2,273,0.05,50,,Sunny,Bubble Tea Shop,R121,Wan Chai,94618
270,2024-08-07,P016,Dish 3,322,0.05,40,,Sunny,Bubble Tea Shop,R121,Wan Chai,94618
271,2024-08-07,P016,Dish 4,247,0.05,43,,Sunny,Bubble Tea Shop,R121,Wan Chai,94618
272,2024-08-08,P017,Dish 1,536,0.1,11,,Windy,Bubble Tea Shop,R121,Wan Chai,94618
273,2024-08-08,P017,Dish 2,370,0.1,46,,Windy,Bubble Tea Shop,R121,Wan Chai,94618
274,2024-08-08,P017,Dish 3,535,0.1,12,,Windy,Bubble Tea Shop,R121,Wan Chai,94618
275,2024-08-08,P017,Dish 4,368,0.1,43,,Windy,Bubble Tea Shop,R121,Wan Chai,94618
276,2024-08-09,P018,Dish 1,266,0.1,42,,Sunny,Bubble Tea Shop,R121,Wan Chai,94618
277,2024-08-09,P018,Dish 2,406,0.1,31,,Sunny,Bubble Tea Shop,R121,Wan Chai,94618
278,2024-08-09,P018,Dish 3,339,0.1,30,,Sunny,Bubble Tea Shop,R121,Wan Chai,94618
279,2024-08-09,P018,Dish 4,369,0.1,22,,Sunny,Bubble Tea Shop,R121,Wan Chai,94618
280,2024-08-10,P019,Dish 1,413,0.0,22,,Windy,Bubble Tea Shop,R121,Wan Chai,94618
281,2024-08-10,P019,Dish 2,381,0.0,29,,Windy,Bubble Tea Shop,R121,Wan Chai,94618
282,2024-08-10,P019,Dish 3,346,0.0,10,,Windy,Bubble Tea Shop,R121,Wan Chai,94618
283,2024-08-10,P019,Dish 4,427,0.0,37,,Windy,Bubble Tea Shop,R121,Wan Chai,94618
284,2024-08-11,P020,Dish 1,344,0.1,23,,Sunny,Bubble Tea Shop,R121,Wan Chai,94618
285,2024-08-11,P020,Dish 2,555,0.1,27,,Sunny,Bubble Tea Shop,R121,Wan Chai,94618
286,2024-08-11,P020,Dish 3,326,0.1,48,,Sunny,Bubble Tea Shop,R121,Wan Chai,94618
287,2024-08-11,P020,Dish 4,376,0.1,32,,Sunny,Bubble Tea Shop,R121,Wan Chai,94618
288,2024-08-12,P021,Dish 1,354,0.25,34,,Sunny,Bubble Tea Shop,R121,Wan Chai,94618
289,2024-08-12,P021,Dish 2,716,0.25,26,,Sunny,Bubble Tea Shop,R121,Wan Chai,94618
290,2024-08-12,P021,Dish 3,456,0.25,15,,Sunny,Bubble Tea Shop,R121,Wan Chai,94618
291,2024-08-12,P021,Dish 4,483,0.25,48,,Sunny,Bubble Tea Shop,R121,Wan Chai,94618
292,2024-08-13,P022,Dish 1,342,0.05,23,,Sunny,Bubble Tea Shop,R121,Wan Chai,94618
293,2024-08-13,P022,Dish 2,341,0.05,33,,Sunny,Bubble Tea Shop,R121,Wan Chai,94618
294,2024-08-13,P022,Dish 3,322,0.05,35,,Sunny,Bubble Tea Shop,R121,Wan Chai,94618
295,2024-08-13,P022,Dish 4,435,0.05,14,,Sunny,Bubble Tea Shop,R121,Wan Chai,94618
296,2024-08-14,P023,Dish 1,613,0.25,19,,Sunny,Bubble Tea Shop,R121,Wan Chai,94618
297,2024-08-14,P023,Dish 2,665,0.25,15,,Sunny,Bubble Tea Shop,R121,Wan Chai,94618
298,2024-08-14,P023,Dish 3,406,0.25,49,,Sunny,Bubble Tea Shop,R121,Wan Chai,94618
299,2024-08-14,P023,Dish 4,365,0.25,40,,Sunny,Bubble Tea Shop,R121,Wan Chai,94618
300,2024-08-15,P024,Dish 1,237,0.0,30,,Sunny,Bubble Tea Shop,R121,Wan Chai,94618
301,2024-08-15,P024,Dish 2,226,0.0,47,,Sunny,Bubble Tea Shop,R121,Wan Chai,94618
302,2024-08-15,P024,Dish 3,216,0.0,42,,Sunny,Bubble Tea Shop,R121,Wan Chai,94618
303,2024-08-15,P024,Dish 4,349,0.0,21,,Sunny,Bubble Tea Shop,R121,Wan Chai,94618
304,2024-08-16,P025,Dish 1,327,0.2,46,,Windy,Bubble Tea Shop,R121,Wan Chai,94618
305,2024-08-16,P025,Dish 2,401,0.2,28,,Windy,Bubble Tea Shop,R121,Wan Chai,94618
306,2024-08-16,P025,Dish 3,610,0.2,15,,Windy,Bubble Tea Shop,R121,Wan Chai,94618
307,2024-08-16,P025,Dish 4,359,0.2,10,,Windy,Bubble Tea Shop,R121,Wan Chai,94618
308,2024-08-17,P026,Dish 1,396,0.1,46,,Rainy,Bubble Tea Shop,R121,Wan Chai,94618
309,2024-08-17,P026,Dish 2,575,0.1,11,,Rainy,Bubble Tea Shop,R121,Wan Chai,94618
310,2024-08-17,P026,Dish 3,339,0.1,18,,Rainy,Bubble Tea Shop,R121,Wan Chai,94618
311,2024-08-17,P026,Dish 4,326,0.1,28,,Rainy,Bubble Tea Shop,R121,Wan Chai,94618
312,2024-08-18,P027,Dish 1,484,0.05,14,,Cloudy,Bubble Tea Shop,R121,Wan Chai,94618
313,2024-08-18,P027,Dish 2,456,0.05,26,,Cloudy,Bubble Tea Shop,R121,Wan Chai,94618
314,2024-08-18,P027,Dish 3,365,0.05,47,,Cloudy,Bubble Tea Shop,R121,Wan Chai,94618
315,2024-08-18,P027,Dish 4,352,0.05,41,,Cloudy,Bubble Tea Shop,R121,Wan Chai,94618
316,2024-08-19,P028,Dish 1,480,0.2,49,,Sunny,Bubble Tea Shop,R121,Wan Chai,94618
317,2024-08-19,P028,Dish 2,556,0.2,14,,Sunny,Bubble Tea Shop,R121,Wan Chai,94618
318,2024-08-19,P028,Dish 3,458,0.2,41,,Sunny,Bubble Tea Shop,R121,Wan Chai,94618
319,2024-08-19,P028,Dish 4,563,0.2,28,,Sunny,Bubble Tea Shop,R121,Wan Chai,94618
320,2024-08-20,P029,Dish 1,192,0.0,33,,Rainy,Bubble Tea Shop,R121,Wan Chai,94618
321,2024-08-20,P029,Dish 2,221,0.0,24,,Rainy,Bubble Tea Shop,R121,Wan Chai,94618
322,2024-08-20,P029,Dish 3,364,0.0,20,,Rainy,Bubble Tea Shop,R121,Wan Chai,94618
323,2024-08-20,P029,Dish 4,266,0.0,22,,Rainy,Bubble Tea Shop,R121,Wan Chai,94618
324,2024-08-21,P030,Dish 1,551,0.2,19,,Cloudy,Bubble Tea Shop,R121,Wan Chai,94618
325,2024-08-21,P030,Dish 2,584,0.2,11,,Cloudy,Bubble Tea Shop,R121,Wan Chai,94618
326,2024-08-21,P030,Dish 3,511,0.2,17,,Cloudy,Bubble Tea Shop,R121,Wan Chai,94618
327,2024-08-21,P030,Dish 4,291,0.2,39,,Cloudy,Bubble Tea Shop,R121,Wan Chai,94618
328,2024-08-22,P031,Dish 1,317,0.0,38,,Cloudy,Bubble Tea Shop,R121,Wan Chai,94618
329,2024-08-22,P031,Dish 2,419,0.0,28,,Cloudy,Bubble Tea Shop,R121,Wan Chai,94618
330,2024-08-22,P031,Dish 3,369,0.0,12,,Cloudy,Bubble Tea Shop,R121,Wan Chai,94618
331,2024-08-22,P031,Dish 4,293,0.0,24,,Cloudy,Bubble Tea Shop,R121,Wan Chai,94618
332,2024-08-23,P032,Dish 1,328,0.0,27,,Cloudy,Bubble Tea Shop,R121,Wan Chai,94618
333,2024-08-23,P032,Dish 2,298,0.0,44,,Cloudy,Bubble Tea Shop,R121,Wan Chai,94618
334,2024-08-23,P032,Dish 3,305,0.0,28,,Cloudy,Bubble Tea Shop,R121,Wan Chai,94618
335,2024-08-23,P032,Dish 4,288,0.0,30,,Cloudy,Bubble Tea Shop,R121,Wan Chai,94618
336,2024-08-24,P033,Dish 1,393,0.2,30,,Rainy,Bubble Tea Shop,R121,Wan Chai,94618
337,2024-08-24,P033,Dish 2,352,0.2,45,,Rainy,Bubble Tea Shop,R121,Wan Chai,94618
338,2024-08-24,P033,Dish 3,578,0.2,12,,Rainy,Bubble Tea Shop,R121,Wan Chai,94618
339,2024-08-24,P033,Dish 4,419,0.2,47,,Rainy,Bubble Tea Shop,R121,Wan Chai,94618
340,2024-08-25,P034,Dish 1,544,0.0,13,,Sunny,Bubble Tea Shop,R121,Wan Chai,94618
341,2024-08-25,P034,Dish 2,383,0.0,31,,Sunny,Bubble Tea Shop,R121,Wan Chai,94618
342,2024-08-25,P034,Dish 3,534,0.0,25,,Sunny,Bubble Tea Shop,R121,Wan Chai,94618
343,2024-08-25,P034,Dish 4,402,0.0,39,,Sunny,Bubble Tea Shop,R121,Wan Chai,94618
344,2024-08-26,P035,Dish 1,323,0.05,35,,Rainy,Bubble Tea Shop,R121,Wan Chai,94618
345,2024-08-26,P035,Dish 2,295,0.05,36,,Rainy,Bubble Tea Shop,R121,Wan Chai,94618
346,2024-08-26,P035,Dish 3,458,0.05,19,,Rainy,Bubble Tea Shop,R121,Wan Chai,94618
347,2024-08-26,P035,Dish 4,289,0.05,38,,Rainy,Bubble Tea Shop,R121,Wan Chai,94618
348,2024-08-27,P036,Dish 1,589,0.25,20,,Sunny,Bubble Tea Shop,R121,Wan Chai,94618
349,2024-08-27,P036,Dish 2,392,0.25,32,,Sunny,Bubble Tea Shop,R121,Wan Chai,94618
350,2024-08-27,P036,Dish 3,407,0.25,33,,Sunny,Bubble Tea Shop,R121,Wan Chai,94618
351,2024-08-27,P036,Dish 4,450,0.25,28,,Sunny,Bubble Tea Shop,R121,Wan Chai,94618
352,2024-08-28,P037,Dish 1,335,0.05,39,,Sunny,Bubble Tea Shop,R121,Wan Chai,94618
353,2024-08-28,P037,Dish 2,237,0.05,39,,Sunny,Bubble Tea Shop,R121,Wan Chai,94618
354,2024-08-28,P037,Dish 3,476,0.05,14,,Sunny,Bubble Tea Shop,R121,Wan Chai,94618
355,2024-08-28,P037,Dish 4,372,0.05,22,,Sunny,Bubble Tea Shop,R121,Wan Chai,94618
356,2024-08-29,P038,Dish 1,250,0.0,11,,Rainy,Bubble Tea Shop,R121,Wan Chai,94618
357,2024-08-29,P038,Dish 2,199,0.0,39,,Rainy,Bubble Tea Shop,R121,Wan Chai,94618
358,2024-08-29,P038,Dish 3,238,0.0,15,,Rainy,Bubble Tea Shop,R121,Wan Chai,94618
359,2024-08-29,P038,Dish 4,362,0.0,15,,Rainy,Bubble Tea Shop,R121,Wan Chai,94618
360,2024-08-30,P039,Dish 1,372,0.25,18,,Sunny,Bubble Tea Shop,R121,Wan Chai,94618
361,2024-08-30,P039,Dish 2,414,0.25,25,,Sunny,Bubble Tea Shop,R121,Wan Chai,94618
362,2024-08-30,P039,Dish 3,464,0.25,14,,Sunny,Bubble Tea Shop,R121,Wan Chai,94618
363,2024-08-30,P039,Dish 4,474,0.25,11,,Sunny,Bubble Tea Shop,R121,Wan Chai,94618
364,2024-08-31,P040,Dish 1,307,0.0,47,,Windy,Bubble Tea Shop,R121,Wan Chai,94618
365,2024-08-31,P040,Dish 2,409,0.0,49,,Windy,Bubble Tea Shop,R121,Wan Chai,94618
366,2024-08-31,P040,Dish 3,339,0.0,26,,Windy,Bubble Tea Shop,R121,Wan Chai,94618
367,2024-08-31,P040,Dish 4,504,0.0,17,,Windy,Bubble Tea Shop,R121,Wan Chai,94618
368,2024-09-01,P011,Dish 1,479,0.2,37,,Sunny,Bubble Tea Shop,R121,Wan Chai,94618
369,2024-09-01,P011,Dish 2,531,0.2,50,,Sunny,Bubble Tea Shop,R121,Wan Chai,94618
370,2024-09-01,P011,Dish 3,578,0.2,42,,Sunny,Bubble Tea Shop,R121,Wan Chai,94618
371,2024-09-01,P011,Dish 4,605,0.2,43,,Sunny,Bubble Tea Shop,R121,Wan Chai,94618
372,2024-09-02,P012,Dish 1,308,0.05,31,,Rainy,Bubble Tea Shop,R121,Wan Chai,94618
373,2024-09-02,P012,Dish 2,423,0.05,33,,Rainy,Bubble Tea Shop,R121,Wan Chai,94618
374,2024-09-02,P012,Dish 3,233,0.05,47,,Rainy,Bubble Tea Shop,R121,Wan Chai,94618
375,2024-09-02,P012,Dish 4,325,0.05,43,,Rainy,Bubble Tea Shop,R121,Wan Chai,94618
376,2024-09-03,P013,Dish 1,321,0.0,14,,Sunny,Bubble Tea Shop,R121,Wan Chai,94618
377,2024-09-03,P013,Dish 2,310,0.0,28,,Sunny,Bubble Tea Shop,R121,Wan Chai,94618
378,2024-09-03,P013,Dish 3,333,0.0,38,,Sunny,Bubble Tea Shop,R121,Wan Chai,94618
379,2024-09-03,P013,Dish 4,296,0.0,26,,Sunny,Bubble Tea Shop,R121,Wan Chai,94618
380,2024-09-04,P014,Dish 1,493,0.25,40,,Sunny,Bubble Tea Shop,R121,Wan Chai,94618
381,2024-09-04,P014,Dish 2,507,0.25,46,,Sunny,Bubble Tea Shop,R121,Wan Chai,94618
382,2024-09-04,P014,Dish 3,503,0.25,34,,Sunny,Bubble Tea Shop,R121,Wan Chai,94618
383,2024-09-04,P014,Dish 4,647,0.25,10,,Sunny,Bubble Tea Shop,R121,Wan Chai,94618
384,2024-09-05,P015,Dish 1,241,0.1,39,,Sunny,Bubble Tea Shop,R121,Wan Chai,94618
385,2024-09-05,P015,Dish 2,267,0.1,35,,Sunny,Bubble Tea Shop,R121,Wan Chai,94618
386,2024-09-05,P015,Dish 3,330,0.1,46,,Sunny,Bubble Tea Shop,R121,Wan Chai,94618
387,2024-09-05,P015,Dish 4,317,0.1,47,,Sunny,Bubble Tea Shop,R121,Wan Chai,94618
388,2024-09-06,P016,Dish 1,498,0.2,37,,Rainy,Bubble Tea Shop,R121,Wan Chai,94618
389,2024-09-06,P016,Dish 2,365,0.2,37,,Rainy,Bubble Tea Shop,R121,Wan Chai,94618
390,2024-09-06,P016,Dish 3,393,0.2,36,,Rainy,Bubble Tea Shop,R121,Wan Chai,94618
391,2024-09-06,P016,Dish 4,616,0.2,11,,Rainy,Bubble Tea Shop,R121,Wan Chai,94618
392,2024-09-07,P017,Dish 1,489,0.25,38,,Sunny,Bubble Tea Shop,R121,Wan Chai,94618
393,2024-09-07,P017,Dish 2,413,0.25,42,,Sunny,Bubble Tea Shop,R121,Wan Chai,94618
394,2024-09-07,P017,Dish 3,477,0.25,35,,Sunny,Bubble Tea Shop,R121,Wan Chai,94618
395,2024-09-07,P017,Dish 4,798,0.25,12,,Sunny,Bubble Tea Shop,R121,Wan Chai,94618
396,2024-09-08,P018,Dish 1,323,0.0,15,,Windy,Bubble Tea Shop,R121,Wan Chai,94618
397,2024-09-08,P018,Dish 2,268,0.0,22,,Windy,Bubble Tea Shop,R121,Wan Chai,94618
398,2024-09-08,P018,Dish 3,286,0.0,48,,Windy,Bubble Tea Shop,R121,Wan Chai,94618
399,2024-09-08,P018,Dish 4,393,0.0,18,,Windy,Bubble Tea Shop,R121,Wan Chai,94618
400,2024-09-09,P019,Dish 1,389,0.25,48,,Sunny,Bubble Tea Shop,R121,Wan Chai,94618
401,2024-09-09,P019,Dish 2,482,0.25,23,,Sunny,Bubble Tea Shop,R121,Wan Chai,94618
402,2024-09-09,P019,Dish 3,338,0.25,50,,Sunny,Bubble Tea Shop,R121,Wan Chai,94618
403,2024-09-09,P019,Dish 4,417,0.25,23,,Sunny,Bubble Tea Shop,R121,Wan Chai,94618
404,2024-09-10,P020,Dish 1,393,0.05,18,,Rainy,Bubble Tea Shop,R121,Wan Chai,94618
405,2024-09-10,P020,Dish 2,333,0.05,12,,Rainy,Bubble Tea Shop,R121,Wan Chai,94618
406,2024-09-10,P020,Dish 3,339,0.05,17,,Rainy,Bubble Tea Shop,R121,Wan Chai,94618
407,2024-09-10,P020,Dish 4,349,0.05,45,,Rainy,Bubble Tea Shop,R121,Wan Chai,94618
408,2024-09-11,P021,Dish 1,348,0.1,28,,Rainy,Bubble Tea Shop,R121,Wan Chai,94618
409,2024-09-11,P021,Dish 2,307,0.1,47,,Rainy,Bubble Tea Shop,R121,Wan Chai,94618
410,2024-09-11,P021,Dish 3,314,0.1,48,,Rainy,Bubble Tea Shop,R121,Wan Chai,94618
411,2024-09-11,P021,Dish 4,364,0.1,31,,Rainy,Bubble Tea Shop,R121,Wan Chai,94618
412,2024-09-12,P022,Dish 1,497,0.2,19,,Windy,Bubble Tea Shop,R121,Wan Chai,94618
413,2024-09-12,P022,Dish 2,495,0.2,41,,Windy,Bubble Tea Shop,R121,Wan Chai,94618
414,2024-09-12,P022,Dish 3,347,0.2,36,,Windy,Bubble Tea Shop,R121,Wan Chai,94618
415,2024-09-12,P022,Dish 4,490,0.2,19,,Windy,Bubble Tea Shop,R121,Wan Chai,94618
416,2024-09-13,P023,Dish 1,527,0.25,18,,Sunny,Bubble Tea Shop,R121,Wan Chai,94618
417,2024-09-13,P023,Dish 2,683,0.25,25,,Sunny,Bubble Tea Shop,R121,Wan Chai,94618
418,2024-09-13,P023,Dish 3,795,0.25,19,,Sunny,Bubble Tea Shop,R121,Wan Chai,94618
419,2024-09-13,P023,Dish 4,418,0.25,47,,Sunny,Bubble Tea Shop,R121,Wan Chai,94618
420,2024-09-14,P024,Dish 1,473,0.05,39,,Rainy,Bubble Tea Shop,R121,Wan Chai,94618
421,2024-09-14,P024,Dish 2,469,0.05,36,,Rainy,Bubble Tea Shop,R121,Wan Chai,94618
422,2024-09-14,P024,Dish 3,377,0.05,50,,Rainy,Bubble Tea Shop,R121,Wan Chai,94618
423,2024-09-14,P024,Dish 4,427,0.05,26,,Rainy,Bubble Tea Shop,R121,Wan Chai,94618
424,2024-09-15,P025,Dish 1,591,0.05,16,,Sunny,Bubble Tea Shop,R121,Wan Chai,94618
425,2024-09-15,P025,Dish 2,332,0.05,42,,Sunny,Bubble Tea Shop,R121,Wan Chai,94618
426,2024-09-15,P025,Dish 3,513,0.05,24,,Sunny,Bubble Tea Shop,R121,Wan Chai,94618
427,2024-09-15,P025,Dish 4,369,0.05,45,,Sunny,Bubble Tea Shop,R121,Wan Chai,94618
428,2024-09-16,P026,Dish 1,245,0.1,22,,Rainy,Bubble Tea Shop,R121,Wan Chai,94618
429,2024-09-16,P026,Dish 2,319,0.1,45,,Rainy,Bubble Tea Shop,R121,Wan Chai,94618
430,2024-09-16,P026,Dish 3,393,0.1,18,,Rainy,Bubble Tea Shop,R121,Wan Chai,94618
431,2024-09-16,P026,Dish 4,294,0.1,28,,Rainy,Bubble Tea Shop,R121,Wan Chai,94618
432,2024-09-17,P027,Dish 1,633,0.2,29,Mid-Autumn Festival,Sunny,Bubble Tea Shop,R121,Wan Chai,94618
433,2024-09-17,P027,Dish 2,773,0.2,11,Mid-Autumn Festival,Sunny,Bubble Tea Shop,R121,Wan Chai,94618
434,2024-09-17,P027,Dish 3,896,0.2,23,Mid-Autumn Festival,Sunny,Bubble Tea Shop,R121,Wan Chai,94618
435,2024-09-17,P027,Dish 4,713,0.2,36,Mid-Autumn Festival,Sunny,Bubble Tea Shop,R121,Wan Chai,94618
436,2024-09-18,P028,Dish 1,208,0.1,50,,Rainy,Bubble Tea Shop,R121,Wan Chai,94618
437,2024-09-18,P028,Dish 2,243,0.1,44,,Rainy,Bubble Tea Shop,R121,Wan Chai,94618
438,2024-09-18,P028,Dish 3,240,0.1,35,,Rainy,Bubble Tea Shop,R121,Wan Chai,94618
439,2024-09-18,P028,Dish 4,349,0.1,27,,Rainy,Bubble Tea Shop,R121,Wan Chai,94618
440,2024-09-19,P029,Dish 1,311,0.05,42,,Rainy,Bubble Tea Shop,R121,Wan Chai,94618
441,2024-09-19,P029,Dish 2,336,0.05,12,,Rainy,Bubble Tea Shop,R121,Wan Chai,94618
442,2024-09-19,P029,Dish 3,288,0.05,28,,Rainy,Bubble Tea Shop,R121,Wan Chai,94618
443,2024-09-19,P029,Dish 4,267,0.05,42,,Rainy,Bubble Tea Shop,R121,Wan Chai,94618
444,2024-09-20,P030,Dish 1,364,0.25,36,,Sunny,Bubble Tea Shop,R121,Wan Chai,94618
445,2024-09-20,P030,Dish 2,431,0.25,12,,Sunny,Bubble Tea Shop,R121,Wan Chai,94618
446,2024-09-20,P030,Dish 3,367,0.25,18,,Sunny,Bubble Tea Shop,R121,Wan Chai,94618
447,2024-09-20,P030,Dish 4,380,0.25,16,,Sunny,Bubble Tea Shop,R121,Wan Chai,94618
448,2024-09-21,P031,Dish 1,653,0.05,13,,Cloudy,Bubble Tea Shop,R121,Wan Chai,94618
449,2024-09-21,P031,Dish 2,417,0.05,46,,Cloudy,Bubble Tea Shop,R121,Wan Chai,94618
450,2024-09-21,P031,Dish 3,329,0.05,33,,Cloudy,Bubble Tea Shop,R121,Wan Chai,94618
451,2024-09-21,P031,Dish 4,430,0.05,20,,Cloudy,Bubble Tea Shop,R121,Wan Chai,94618
452,2024-09-22,P032,Dish 1,352,0.0,43,,Sunny,Bubble Tea Shop,R121,Wan Chai,94618
453,2024-09-22,P032,Dish 2,337,0.0,25,,Sunny,Bubble Tea Shop,R121,Wan Chai,94618
454,2024-09-22,P032,Dish 3,476,0.0,17,,Sunny,Bubble Tea Shop,R121,Wan Chai,94618
455,2024-09-22,P032,Dish 4,412,0.0,32,,Sunny,Bubble Tea Shop,R121,Wan Chai,94618
456,2024-09-23,P033,Dish 1,477,0.2,36,,Rainy,Bubble Tea Shop,R121,Wan Chai,94618
457,2024-09-23,P033,Dish 2,456,0.2,38,,Rainy,Bubble Tea Shop,R121,Wan Chai,94618
458,2024-09-23,P033,Dish 3,333,0.2,47,,Rainy,Bubble Tea Shop,R121,Wan Chai,94618
459,2024-09-23,P033,Dish 4,512,0.2,35,,Rainy,Bubble Tea Shop,R121,Wan Chai,94618
460,2024-09-24,P034,Dish 1,516,0.25,42,,Cloudy,Bubble Tea Shop,R121,Wan Chai,94618
461,2024-09-24,P034,Dish 2,476,0.25,14,,Cloudy,Bubble Tea Shop,R121,Wan Chai,94618
462,2024-09-24,P034,Dish 3,530,0.25,15,,Cloudy,Bubble Tea Shop,R121,Wan Chai,94618
463,2024-09-24,P034,Dish 4,536,0.25,24,,Cloudy,Bubble Tea Shop,R121,Wan Chai,94618
464,2024-09-25,P035,Dish 1,247,0.0,33,,Rainy,Bubble Tea Shop,R121,Wan Chai,94618
465,2024-09-25,P035,Dish 2,228,0.0,16,,Rainy,Bubble Tea Shop,R121,Wan Chai,94618
466,2024-09-25,P035,Dish 3,303,0.0,23,,Rainy,Bubble Tea Shop,R121,Wan Chai,94618
467,2024-09-25,P035,Dish 4,280,0.0,31,,Rainy,Bubble Tea Shop,R121,Wan Chai,94618
468,2024-09-26,P036,Dish 1,458,0.25,39,,Windy,Bubble Tea Shop,R121,Wan Chai,94618
469,2024-09-26,P036,Dish 2,470,0.25,49,,Windy,Bubble Tea Shop,R121,Wan Chai,94618
470,2024-09-26,P036,Dish 3,338,0.25,42,,Windy,Bubble Tea Shop,R121,Wan Chai,94618
471,2024-09-26,P036,Dish 4,340,0.25,22,,Windy,Bubble Tea Shop,R121,Wan Chai,94618
472,2024-09-27,P037,Dish 1,344,0.2,36,,Windy,Bubble Tea Shop,R121,Wan Chai,94618
473,2024-09-27,P037,Dish 2,448,0.2,16,,Windy,Bubble Tea Shop,R121,Wan Chai,94618
474,2024-09-27,P037,Dish 3,328,0.2,39,,Windy,Bubble Tea Shop,R121,Wan Chai,94618
475,2024-09-27,P037,Dish 4,398,0.2,32,,Windy,Bubble Tea Shop,R121,Wan Chai,94618
476,2024-09-28,P038,Dish 1,276,0.0,46,,Sunny,Bubble Tea Shop,R121,Wan Chai,94618
477,2024-09-28,P038,Dish 2,381,0.0,21,,Sunny,Bubble Tea Shop,R121,Wan Chai,94618
478,2024-09-28,P038,Dish 3,390,0.0,22,,Sunny,Bubble Tea Shop,R121,Wan Chai,94618
479,2024-09-28,P038,Dish 4,387,0.0,19,,Sunny,Bubble Tea Shop,R121,Wan Chai,94618
480,2024-09-29,P039,Dish 1,361,0.2,33,,Cloudy,Bubble Tea Shop,R121,Wan Chai,94618
481,2024-09-29,P039,Dish 2,347,0.2,30,,Cloudy,Bubble Tea Shop,R121,Wan Chai,94618
482,2024-09-29,P039,Dish 3,596,0.2,21,,Cloudy,Bubble Tea Shop,R121,Wan Chai,94618
483,2024-09-29,P039,Dish 4,340,0.2,17,,Cloudy,Bubble Tea Shop,R121,Wan Chai,94618
484,2024-09-30,P040,Dish 1,349,0.0,26,,Rainy,Bubble Tea Shop,R121,Wan Chai,94618
485,2024-09-30,P040,Dish 2,184,0.0,50,,Rainy,Bubble Tea Shop,R121,Wan Chai,94618
486,2024-09-30,P040,Dish 3,270,0.0,44,,Rainy,Bubble Tea Shop,R121,Wan Chai,94618
487,2024-09-30,P040,Dish 4,307,0.0,29,,Rainy,Bubble Tea Shop,R121,Wan Chai,94618
488,2024-10-01,P012,Dish 1,646,0.1,16,Golden Week,Cloudy,Bubble Tea Shop,R121,Wan Chai,94618
489,2024-10-01,P012,Dish 2,497,0.1,26,Golden Week,Cloudy,Bubble Tea Shop,R121,Wan Chai,94618
490,2024-10-01,P012,Dish 3,477,0.1,31,Golden Week,Cloudy,Bubble Tea Shop,R121,Wan Chai,94618
491,2024-10-01,P012,Dish 4,484,0.1,35,Golden Week,Cloudy,Bubble Tea Shop,R121,Wan Chai,94618
492,2024-10-02,P013,Dish 1,297,0.0,41,,Windy,Bubble Tea Shop,R121,Wan Chai,94618
493,2024-10-02,P013,Dish 2,269,0.0,28,,Windy,Bubble Tea Shop,R121,Wan Chai,94618
494,2024-10-02,P013,Dish 3,284,0.0,47,,Windy,Bubble Tea Shop,R121,Wan Chai,94618
495,2024-10-02,P013,Dish 4,313,0.0,42,,Windy,Bubble Tea Shop,R121,Wan Chai,94618
496,2024-10-03,P014,Dish 1,396,0.25,29,,Windy,Bubble Tea Shop,R121,Wan Chai,94618
497,2024-10-03,P014,Dish 2,361,0.25,33,,Windy,Bubble Tea Shop,R121,Wan Chai,94618
498,2024-10-03,P014,Dish 3,399,0.25,39,,Windy,Bubble Tea Shop,R121,Wan Chai,94618
499,2024-10-03,P014,Dish 4,379,0.25,45,,Windy,Bubble Tea Shop,R121,Wan Chai,94618
500,2024-10-04,P015,Dish 1,293,0.05,28,,Rainy,Bubble Tea Shop,R121,Wan Chai,94618
501,2024-10-04,P015,Dish 2,396,0.05,24,,Rainy,Bubble Tea Shop,R121,Wan Chai,94618
502,2024-10-04,P015,Dish 3,359,0.05,21,,Rainy,Bubble Tea Shop,R121,Wan Chai,94618
503,2024-10-04,P015,Dish 4,390,0.05,36,,Rainy,Bubble Tea Shop,R121,Wan Chai,94618
504,2024-10-05,P016,Dish 1,440,0.05,15,,Windy,Bubble Tea Shop,R121,Wan Chai,94618
505,2024-10-05,P016,Dish 2,448,0.05,25,,Windy,Bubble Tea Shop,R121,Wan Chai,94618
506,2024-10-05,P016,Dish 3,354,0.05,20,,Windy,Bubble Tea Shop,R121,Wan Chai,94618
507,2024-10-05,P016,Dish 4,342,0.05,31,,Windy,Bubble Tea Shop,R121,Wan Chai,94618
508,2024-10-06,P017,Dish 1,530,0.2,26,,Sunny,Bubble Tea Shop,R121,Wan Chai,94618
509,2024-10-06,P017,Dish 2,486,0.2,50,,Sunny,Bubble Tea Shop,R121,Wan Chai,94618
510,2024-10-06,P017,Dish 3,651,0.2,25,,Sunny,Bubble Tea Shop,R121,Wan Chai,94618
511,2024-10-06,P017,Dish 4,402,0.2,50,,Sunny,Bubble Tea Shop,R121,Wan Chai,94618
512,2024-10-07,P018,Dish 1,529,0.25,19,,Sunny,Bubble Tea Shop,R121,Wan Chai,94618
513,2024-10-07,P018,Dish 2,576,0.25,16,,Sunny,Bubble Tea Shop,R121,Wan Chai,94618
514,2024-10-07,P018,Dish 3,438,0.25,41,,Sunny,Bubble Tea Shop,R121,Wan Chai,94618
515,2024-10-07,P018,Dish 4,543,0.25,29,,Sunny,Bubble Tea Shop,R121,Wan Chai,94618
516,2024-10-08,P019,Dish 1,414,0.05,15,,Sunny,Bubble Tea Shop,R121,Wan Chai,94618
517,2024-10-08,P019,Dish 2,374,0.05,38,,Sunny,Bubble Tea Shop,R121,Wan Chai,94618
518,2024-10-08,P019,Dish 3,309,0.05,42,,Sunny,Bubble Tea Shop,R121,Wan Chai,94618
519,2024-10-08,P019,Dish 4,335,0.05,38,,Sunny,Bubble Tea Shop,R121,Wan Chai,94618
520,2024-10-09,P020,Dish 1,335,0.05,15,,Rainy,Bubble Tea Shop,R121,Wan Chai,94618
521,2024-10-09,P020,Dish 2,234,0.05,36,,Rainy,Bubble Tea Shop,R121,Wan Chai,94618
522,2024-10-09,P020,Dish 3,299,0.05,23,,Rainy,Bubble Tea Shop,R121,Wan Chai,94618
523,2024-10-09,P020,Dish 4,257,0.05,21,,Rainy,Bubble Tea Shop,R121,Wan Chai,94618
524,2024-10-10,P021,Dish 1,353,0.2,47,,Sunny,Bubble Tea Shop,R121,Wan Chai,94618
525,2024-10-10,P021,Dish 2,326,0.2,28,,Sunny,Bubble Tea Shop,R121,Wan Chai,94618
526,2024-10-10,P021,Dish 3,257,0.2,35,,Sunny,Bubble Tea Shop,R121,Wan Chai,94618
527,2024-10-10,P021,Dish 4,318,0.2,48,,Sunny,Bubble Tea Shop,R121,Wan Chai,94618
528,2024-10-11,P022,Dish 1,671,0.25,21,Double Ninth Festival,Cloudy,Bubble Tea Shop,R121,Wan Chai,94618
529,2024-10-11,P022,Dish 2,671,0.25,30,Double Ninth Festival,Cloudy,Bubble Tea Shop,R121,Wan Chai,94618
530,2024-10-11,P022,Dish 3,630,0.25,32,Double Ninth Festival,Cloudy,Bubble Tea Shop,R121,Wan Chai,94618
531,2024-10-11,P022,Dish 4,520,0.25,41,Double Ninth Festival,Cloudy,Bubble Tea Shop,R121,Wan Chai,94618
532,2024-10-12,P023,Dish 1,333,0.0,47,,Sunny,Bubble Tea Shop,R121,Wan Chai,94618
533,2024-10-12,P023,Dish 2,431,0.0,26,,Sunny,Bubble Tea Shop,R121,Wan Chai,94618
534,2024-10-12,P023,Dish 3,398,0.0,21,,Sunny,Bubble Tea Shop,R121,Wan Chai,94618
535,2024-10-12,P023,Dish 4,456,0.0,28,,Sunny,Bubble Tea Shop,R121,Wan Chai,94618
536,2024-10-13,P024,Dish 1,537,0.2,19,,Sunny,Bubble Tea Shop,R121,Wan Chai,94618
537,2024-10-13,P024,Dish 2,747,0.2,12,,Sunny,Bubble Tea Shop,R121,Wan Chai,94618
538,2024-10-13,P024,Dish 3,499,0.2,42,,Sunny,Bubble Tea Shop,R121,Wan Chai,94618
539,2024-10-13,P024,Dish 4,639,0.2,21,,Sunny,Bubble Tea Shop,R121,Wan Chai,94618
540,2024-10-14,P025,Dish 1,484,0.05,18,,Sunny,Bubble Tea Shop,R121,Wan Chai,94618
541,2024-10-14,P025,Dish 2,403,0.05,20,,Sunny,Bubble Tea Shop,R121,Wan Chai,94618
542,2024-10-14,P025,Dish 3,285,0.05,47,,Sunny,Bubble Tea Shop,R121,Wan Chai,94618
543,2024-10-14,P025,Dish 4,532,0.05,10,,Sunny,Bubble Tea Shop,R121,Wan Chai,94618
544,2024-10-15,P026,Dish 1,281,0.0,32,,Sunny,Bubble Tea Shop,R121,Wan Chai,94618
545,2024-10-15,P026,Dish 2,312,0.0,31,,Sunny,Bubble Tea Shop,R121,Wan Chai,94618
546,2024-10-15,P026,Dish 3,216,0.0,29,,Sunny,Bubble Tea Shop,R121,Wan Chai,94618
547,2024-10-15,P026,Dish 4,281,0.0,32,,Sunny,Bubble Tea Shop,R121,Wan Chai,94618
548,2024-10-16,P027,Dish 1,492,0.25,47,,Sunny,Bubble Tea Shop,R121,Wan Chai,94618
549,2024-10-16,P027,Dish 2,517,0.25,48,,Sunny,Bubble Tea Shop,R121,Wan Chai,94618
550,2024-10-16,P027,Dish 3,528,0.25,42,,Sunny,Bubble Tea Shop,R121,Wan Chai,94618
551,2024-10-16,P027,Dish 4,475,0.25,32,,Sunny,Bubble Tea Shop,R121,Wan Chai,94618
552,2024-10-17,P028,Dish 1,388,0.25,34,,Windy,Bubble Tea Shop,R121,Wan Chai,94618
553,2024-10-17,P028,Dish 2,523,0.25,29,,Windy,Bubble Tea Shop,R121,Wan Chai,94618
554,2024-10-17,P028,Dish 3,588,0.25,18,,Windy,Bubble Tea Shop,R121,Wan Chai,94618
555,2024-10-17,P028,Dish 4,644,0.25,22,,Windy,Bubble Tea Shop,R121,Wan Chai,94618
556,2024-10-18,P029,Dish 1,361,0.05,16,,Sunny,Bubble Tea Shop,R121,Wan Chai,94618
557,2024-10-18,P029,Dish 2,264,0.05,29,,Sunny,Bubble Tea Shop,R121,Wan Chai,94618
558,2024-10-18,P029,Dish 3,224,0.05,48,,Sunny,Bubble Tea Shop,R121,Wan Chai,94618
559,2024-10-18,P029,Dish 4,319,0.05,49,,Sunny,Bubble Tea Shop,R121,Wan Chai,94618
560,2024-10-19,P030,Dish 1,572,0.2,27,,Sunny,Bubble Tea Shop,R121,Wan Chai,94618
561,2024-10-19,P030,Dish 2,515,0.2,28,,Sunny,Bubble Tea Shop,R121,Wan Chai,94618
562,2024-10-19,P030,Dish 3,519,0.2,46,,Sunny,Bubble Tea Shop,R121,Wan Chai,94618
563,2024-10-19,P030,Dish 4,467,0.2,37,,Sunny,Bubble Tea Shop,R121,Wan Chai,94618
564,2024-10-20,P031,Dish 1,293,0.05,36,,Sunny,Bubble Tea Shop,R121,Wan Chai,94618
565,2024-10-20,P031,Dish 2,344,0.05,49,,Sunny,Bubble Tea Shop,R121,Wan Chai,94618
566,2024-10-20,P031,Dish 3,365,0.05,46,,Sunny,Bubble Tea Shop,R121,Wan Chai,94618
567,2024-10-20,P031,Dish 4,379,0.05,43,,Sunny,Bubble Tea Shop,R121,Wan Chai,94618
568,2024-10-21,P032,Dish 1,243,0.0,41,,Sunny,Bubble Tea Shop,R121,Wan Chai,94618
569,2024-10-21,P032,Dish 2,265,0.0,50,,Sunny,Bubble Tea Shop,R121,Wan Chai,94618
570,2024-10-21,P032,Dish 3,277,0.0,42,,Sunny,Bubble Tea Shop,R121,Wan Chai,94618
571,2024-10-21,P032,Dish 4,328,0.0,23,,Sunny,Bubble Tea Shop,R121,Wan Chai,94618
572,2024-10-22,P033,Dish 1,424,0.0,18,,Sunny,Bubble Tea Shop,R121,Wan Chai,94618
573,2024-10-22,P033,Dish 2,288,0.0,24,,Sunny,Bubble Tea Shop,R121,Wan Chai,94618
574,2024-10-22,P033,Dish 3,308,0.0,48,,Sunny,Bubble Tea Shop,R121,Wan Chai,94618
575,2024-10-22,P033,Dish 4,286,0.0,50,,Sunny,Bubble Tea Shop,R121,Wan Chai,94618
576,2024-10-23,P034,Dish 1,414,0.05,12,,Sunny,Bubble Tea Shop,R121,Wan Chai,94618
577,2024-10-23,P034,Dish 2,289,0.05,39,,Sunny,Bubble Tea Shop,R121,Wan Chai,94618
578,2024-10-23,P034,Dish 3,329,0.05,29,,Sunny,Bubble Tea Shop,R121,Wan Chai,94618
579,2024-10-23,P034,Dish 4,261,0.05,41,,Sunny,Bubble Tea Shop,R121,Wan Chai,94618
580,2024-10-24,P035,Dish 1,402,0.25,47,,Rainy,Bubble Tea Shop,R121,Wan Chai,94618
581,2024-10-24,P035,Dish 2,311,0.25,49,,Rainy,Bubble Tea Shop,R121,Wan Chai,94618
582,2024-10-24,P035,Dish 3,458,0.25,21,,Rainy,Bubble Tea Shop,R121,Wan Chai,94618
583,2024-10-24,P035,Dish 4,511,0.25,10,,Rainy,Bubble Tea Shop,R121,Wan Chai,94618
584,2024-10-25,P036,Dish 1,371,0.05,19,,Rainy,Bubble Tea Shop,R121,Wan Chai,94618
585,2024-10-25,P036,Dish 2,277,0.05,47,,Rainy,Bubble Tea Shop,R121,Wan Chai,94618
586,2024-10-25,P036,Dish 3,413,0.05,33,,Rainy,Bubble Tea Shop,R121,Wan Chai,94618
587,2024-10-25,P036,Dish 4,452,0.05,23,,Rainy,Bubble Tea Shop,R121,Wan Chai,94618
588,2024-10-26,P037,Dish 1,599,0.2,23,,Sunny,Bubble Tea Shop,R121,Wan Chai,94618
589,2024-10-26,P037,Dish 2,492,0.2,35,,Sunny,Bubble Tea Shop,R121,Wan Chai,94618
590,2024-10-26,P037,Dish 3,719,0.2,22,,Sunny,Bubble Tea Shop,R121,Wan Chai,94618
591,2024-10-26,P037,Dish 4,484,0.2,30,,Sunny,Bubble Tea Shop,R121,Wan Chai,94618
592,2024-10-27,P038,Dish 1,364,0.1,47,,Rainy,Bubble Tea Shop,R121,Wan Chai,94618
593,2024-10-27,P038,Dish 2,333,0.1,34,,Rainy,Bubble Tea Shop,R121,Wan Chai,94618
594,2024-10-27,P038,Dish 3,500,0.1,11,,Rainy,Bubble Tea Shop,R121,Wan Chai,94618
595,2024-10-27,P038,Dish 4,461,0.1,18,,Rainy,Bubble Tea Shop,R121,Wan Chai,94618
596,2024-10-28,P039,Dish 1,322,0.2,47,,Sunny,Bubble Tea Shop,R121,Wan Chai,94618
597,2024-10-28,P039,Dish 2,368,0.2,13,,Sunny,Bubble Tea Shop,R121,Wan Chai,94618
598,2024-10-28,P039,Dish 3,408,0.2,34,,Sunny,Bubble Tea Shop,R121,Wan Chai,94618
599,2024-10-28,P039,Dish 4,423,0.2,16,,Sunny,Bubble Tea Shop,R121,Wan Chai,94618
600,2024-10-29,P040,Dish 1,359,0.05,17,,Sunny,Bubble Tea Shop,R121,Wan Chai,94618
601,2024-10-29,P040,Dish 2,403,0.05,26,,Sunny,Bubble Tea Shop,R121,Wan Chai,94618
602,2024-10-29,P040,Dish 3,295,0.05,42,,Sunny,Bubble Tea Shop,R121,Wan Chai,94618
603,2024-10-29,P040,Dish 4,409,0.05,15,,Sunny,Bubble Tea Shop,R121,Wan Chai,94618
604,2024-10-30,P041,Dish 1,604,0.25,31,,Sunny,Bubble Tea Shop,R121,Wan Chai,94618
605,2024-10-30,P041,Dish 2,378,0.25,41,,Sunny,Bubble Tea Shop,R121,Wan Chai,94618
606,2024-10-30,P041,Dish 3,410,0.25,24,,Sunny,Bubble Tea Shop,R121,Wan Chai,94618
607,2024-10-30,P041,Dish 4,486,0.25,27,,Sunny,Bubble Tea Shop,R121,Wan Chai,94618
608,2024-10-31,P042,Dish 1,276,0.0,22,,Rainy,Bubble Tea Shop,R121,Wan Chai,94618
609,2024-10-31,P042,Dish 2,334,0.0,21,,Rainy,Bubble Tea Shop,R121,Wan Chai,94618
610,2024-10-31,P042,Dish 3,242,0.0,14,,Rainy,Bubble Tea Shop,R121,Wan Chai,94618
611,2024-10-31,P042,Dish 4,234,0.0,21,,Rainy,Bubble Tea Shop,R121,Wan Chai,94618
