Date,ID,Name,Number Sold,Discount,Price,Event,Weather,Restaurant Type,Restaurant ID,Restaurant Address,Restaurant Annual Sale
2024-06-01,P008,Dish 1,374,0.1,40,,Rainy,Fine Dining,R126,Wan Chai,83301
2024-06-01,P008,Dish 2,291,0.1,44,,Rainy,Fine Dining,R126,Wan Chai,83301
2024-06-01,P008,Dish 3,491,0.1,13,,Rainy,Fine Dining,R126,Wan Chai,83301
2024-06-01,P008,Dish 4,394,0.1,25,,Rainy,Fine Dining,R126,Wan Chai,83301
2024-06-02,P009,Dish 1,442,0.25,40,,Sunny,Fine Dining,R126,Wan Chai,83301
2024-06-02,P009,Dish 2,629,0.25,24,,Sunny,Fine Dining,R126,Wan Chai,83301
2024-06-02,P009,Dish 3,596,0.25,15,,Sunny,Fine Dining,R126,Wan Chai,83301
2024-06-02,P009,Dish 4,758,0.25,17,,Sunny,Fine Dining,R126,Wan Chai,83301
2024-06-03,P010,Dish 1,272,0.1,14,,Sunny,Fine Dining,R126,Wan Chai,83301
2024-06-03,P010,Dish 2,376,0.1,12,,Sunny,Fine Dining,R126,Wan Chai,83301
2024-06-03,P010,Dish 3,297,0.1,34,,Sunny,Fine Dining,R126,Wan Chai,83301
2024-06-03,P010,Dish 4,277,0.1,26,,Sunny,Fine Dining,R126,Wan Chai,83301
2024-06-04,P011,Dish 1,257,0.1,15,,Cloudy,Fine Dining,R126,Wan Chai,83301
2024-06-04,P011,Dish 2,317,0.1,23,,Cloudy,Fine Dining,R126,Wan Chai,83301
2024-06-04,P011,Dish 3,314,0.1,45,,Cloudy,Fine Dining,R126,Wan Chai,83301
2024-06-04,P011,Dish 4,340,0.1,26,,Cloudy,Fine Dining,R126,Wan Chai,83301
2024-06-05,P012,Dish 1,327,0.0,19,,Rainy,Fine Dining,R126,Wan Chai,83301
2024-06-05,P012,Dish 2,315,0.0,25,,Rainy,Fine Dining,R126,Wan Chai,83301
2024-06-05,P012,Dish 3,296,0.0,10,,Rainy,Fine Dining,R126,Wan Chai,83301
2024-06-05,P012,Dish 4,225,0.0,50,,Rainy,Fine Dining,R126,Wan Chai,83301
2024-06-06,P013,Dish 1,517,0.25,24,,Sunny,Fine Dining,R126,Wan Chai,83301
2024-06-06,P013,Dish 2,348,0.25,18,,Sunny,Fine Dining,R126,Wan Chai,83301
2024-06-06,P013,Dish 3,456,0.25,39,,Sunny,Fine Dining,R126,Wan Chai,83301
2024-06-06,P013,Dish 4,312,0.25,45,,Sunny,Fine Dining,R126,Wan Chai,83301
2024-06-07,P014,Dish 1,405,0.1,13,,Sunny,Fine Dining,R126,Wan Chai,83301
2024-06-07,P014,Dish 2,213,0.1,41,,Sunny,Fine Dining,R126,Wan Chai,83301
2024-06-07,P014,Dish 3,356,0.1,43,,Sunny,Fine Dining,R126,Wan Chai,83301
2024-06-07,P014,Dish 4,249,0.1,46,,Sunny,Fine Dining,R126,Wan Chai,83301
2024-06-08,P015,Dish 1,437,0.2,25,,Rainy,Fine Dining,R126,Wan Chai,83301
2024-06-08,P015,Dish 2,496,0.2,14,,Rainy,Fine Dining,R126,Wan Chai,83301
2024-06-08,P015,Dish 3,646,0.2,13,,Rainy,Fine Dining,R126,Wan Chai,83301
2024-06-08,P015,Dish 4,301,0.2,40,,Rainy,Fine Dining,R126,Wan Chai,83301
2024-06-09,P016,Dish 1,332,0.05,45,,Sunny,Fine Dining,R126,Wan Chai,83301
2024-06-09,P016,Dish 2,428,0.05,37,,Sunny,Fine Dining,R126,Wan Chai,83301
2024-06-09,P016,Dish 3,379,0.05,28,,Sunny,Fine Dining,R126,Wan Chai,83301
2024-06-09,P016,Dish 4,371,0.05,42,,Sunny,Fine Dining,R126,Wan Chai,83301
2024-06-10,P017,Dish 1,331,0.2,33,,Rainy,Fine Dining,R126,Wan Chai,83301
2024-06-10,P017,Dish 2,273,0.2,45,,Rainy,Fine Dining,R126,Wan Chai,83301
2024-06-10,P017,Dish 3,355,0.2,25,,Rainy,Fine Dining,R126,Wan Chai,83301
2024-06-10,P017,Dish 4,340,0.2,25,,Rainy,Fine Dining,R126,Wan Chai,83301
2024-06-11,P018,Dish 1,294,0.1,33,,Sunny,Fine Dining,R126,Wan Chai,83301
2024-06-11,P018,Dish 2,374,0.1,44,,Sunny,Fine Dining,R126,Wan Chai,83301
2024-06-11,P018,Dish 3,348,0.1,28,,Sunny,Fine Dining,R126,Wan Chai,83301
2024-06-11,P018,Dish 4,314,0.1,47,,Sunny,Fine Dining,R126,Wan Chai,83301
2024-06-12,P019,Dish 1,390,0.25,29,,Sunny,Fine Dining,R126,Wan Chai,83301
2024-06-12,P019,Dish 2,446,0.25,12,,Sunny,Fine Dining,R126,Wan Chai,83301
2024-06-12,P019,Dish 3,364,0.25,34,,Sunny,Fine Dining,R126,Wan Chai,83301
2024-06-12,P019,Dish 4,373,0.25,44,,Sunny,Fine Dining,R126,Wan Chai,83301
2024-06-13,P020,Dish 1,444,0.1,28,,Sunny,Fine Dining,R126,Wan Chai,83301
2024-06-13,P020,Dish 2,375,0.1,14,,Sunny,Fine Dining,R126,Wan Chai,83301
2024-06-13,P020,Dish 3,482,0.1,29,,Sunny,Fine Dining,R126,Wan Chai,83301
2024-06-13,P020,Dish 4,311,0.1,47,,Sunny,Fine Dining,R126,Wan Chai,83301
2024-06-14,P021,Dish 1,424,0.2,21,,Sunny,Fine Dining,R126,Wan Chai,83301
2024-06-14,P021,Dish 2,453,0.2,16,,Sunny,Fine Dining,R126,Wan Chai,83301
2024-06-14,P021,Dish 3,315,0.2,49,,Sunny,Fine Dining,R126,Wan Chai,83301
2024-06-14,P021,Dish 4,395,0.2,28,,Sunny,Fine Dining,R126,Wan Chai,83301
2024-06-15,P022,Dish 1,501,0.05,16,,Sunny,Fine Dining,R126,Wan Chai,83301
2024-06-15,P022,Dish 2,414,0.05,42,,Sunny,Fine Dining,R126,Wan Chai,83301
2024-06-15,P022,Dish 3,441,0.05,42,,Sunny,Fine Dining,R126,Wan Chai,83301
2024-06-15,P022,Dish 4,567,0.05,10,,Sunny,Fine Dining,R126,Wan Chai,83301
2024-06-16,P023,Dish 1,327,0.05,25,,Sunny,Fine Dining,R126,Wan Chai,83301
2024-06-16,P023,Dish 2,407,0.05,21,,Sunny,Fine Dining,R126,Wan Chai,83301
2024-06-16,P023,Dish 3,447,0.05,44,,Sunny,Fine Dining,R126,Wan Chai,83301
2024-06-16,P023,Dish 4,281,0.05,32,,Sunny,Fine Dining,R126,Wan Chai,83301
2024-06-17,P024,Dish 1,300,0.2,43,,Sunny,Fine Dining,R126,Wan Chai,83301
2024-06-17,P024,Dish 2,375,0.2,29,,Sunny,Fine Dining,R126,Wan Chai,83301
2024-06-17,P024,Dish 3,332,0.2,19,,Sunny,Fine Dining,R126,Wan Chai,83301
2024-06-17,P024,Dish 4,340,0.2,47,,Sunny,Fine Dining,R126,Wan Chai,83301
2024-06-18,P025,Dish 1,292,0.05,36,,Sunny,Fine Dining,R126,Wan Chai,83301
2024-06-18,P025,Dish 2,326,0.05,29,,Sunny,Fine Dining,R126,Wan Chai,83301
2024-06-18,P025,Dish 3,218,0.05,41,,Sunny,Fine Dining,R126,Wan Chai,83301
2024-06-18,P025,Dish 4,394,0.05,28,,Sunny,Fine Dining,R126,Wan Chai,83301
2024-06-19,P026,Dish 1,254,0.0,17,,Sunny,Fine Dining,R126,Wan Chai,83301
2024-06-19,P026,Dish 2,245,0.0,30,,Sunny,Fine Dining,R126,Wan Chai,83301
2024-06-19,P026,Dish 3,258,0.0,34,,Sunny,Fine Dining,R126,Wan Chai,83301
2024-06-19,P026,Dish 4,286,0.0,17,,Sunny,Fine Dining,R126,Wan Chai,83301
2024-06-20,P027,Dish 1,380,0.2,31,,Cloudy,Fine Dining,R126,Wan Chai,83301
2024-06-20,P027,Dish 2,398,0.2,24,,Cloudy,Fine Dining,R126,Wan Chai,83301
2024-06-20,P027,Dish 3,314,0.2,17,,Cloudy,Fine Dining,R126,Wan Chai,83301
2024-06-20,P027,Dish 4,366,0.2,38,,Cloudy,Fine Dining,R126,Wan Chai,83301
2024-06-21,P028,Dish 1,300,0.05,36,,Cloudy,Fine Dining,R126,Wan Chai,83301
2024-06-21,P028,Dish 2,196,0.05,38,,Cloudy,Fine Dining,R126,Wan Chai,83301
2024-06-21,P028,Dish 3,265,0.05,26,,Cloudy,Fine Dining,R126,Wan Chai,83301
2024-06-21,P028,Dish 4,326,0.05,15,,Cloudy,Fine Dining,R126,Wan Chai,83301
2024-06-22,P029,Dish 1,378,0.1,33,,Sunny,Fine Dining,R126,Wan Chai,83301
2024-06-22,P029,Dish 2,458,0.1,33,,Sunny,Fine Dining,R126,Wan Chai,83301
2024-06-22,P029,Dish 3,377,0.1,50,,Sunny,Fine Dining,R126,Wan Chai,83301
2024-06-22,P029,Dish 4,514,0.1,33,,Sunny,Fine Dining,R126,Wan Chai,83301
2024-06-23,P030,Dish 1,303,0.0,36,,Rainy,Fine Dining,R126,Wan Chai,83301
2024-06-23,P030,Dish 2,314,0.0,38,,Rainy,Fine Dining,R126,Wan Chai,83301
2024-06-23,P030,Dish 3,262,0.0,48,,Rainy,Fine Dining,R126,Wan Chai,83301
2024-06-23,P030,Dish 4,275,0.0,49,,Rainy,Fine Dining,R126,Wan Chai,83301
2024-06-24,P031,Dish 1,381,0.0,16,,Sunny,Fine Dining,R126,Wan Chai,83301
2024-06-24,P031,Dish 2,350,0.0,21,,Sunny,Fine Dining,R126,Wan Chai,83301
2024-06-24,P031,Dish 3,256,0.0,34,,Sunny,Fine Dining,R126,Wan Chai,83301
2024-06-24,P031,Dish 4,204,0.0,44,,Sunny,Fine Dining,R126,Wan Chai,83301
2024-06-25,P032,Dish 1,256,0.1,45,,Sunny,Fine Dining,R126,Wan Chai,83301
2024-06-25,P032,Dish 2,385,0.1,21,,Sunny,Fine Dining,R126,Wan Chai,83301
2024-06-25,P032,Dish 3,273,0.1,44,,Sunny,Fine Dining,R126,Wan Chai,83301
2024-06-25,P032,Dish 4,307,0.1,11,,Sunny,Fine Dining,R126,Wan Chai,83301
2024-06-26,P033,Dish 1,208,0.05,42,,Sunny,Fine Dining,R126,Wan Chai,83301
2024-06-26,P033,Dish 2,352,0.05,19,,Sunny,Fine Dining,R126,Wan Chai,83301
2024-06-26,P033,Dish 3,275,0.05,22,,Sunny,Fine Dining,R126,Wan Chai,83301
2024-06-26,P033,Dish 4,341,0.05,25,,Sunny,Fine Dining,R126,Wan Chai,83301
2024-06-27,P034,Dish 1,268,0.0,16,,Rainy,Fine Dining,R126,Wan Chai,83301
2024-06-27,P034,Dish 2,238,0.0,27,,Rainy,Fine Dining,R126,Wan Chai,83301
2024-06-27,P034,Dish 3,229,0.0,38,,Rainy,Fine Dining,R126,Wan Chai,83301
2024-06-27,P034,Dish 4,196,0.0,38,,Rainy,Fine Dining,R126,Wan Chai,83301
2024-06-28,P035,Dish 1,406,0.05,17,,Sunny,Fine Dining,R126,Wan Chai,83301
2024-06-28,P035,Dish 2,496,0.05,17,,Sunny,Fine Dining,R126,Wan Chai,83301
2024-06-28,P035,Dish 3,270,0.05,42,,Sunny,Fine Dining,R126,Wan Chai,83301
2024-06-28,P035,Dish 4,288,0.05,39,,Sunny,Fine Dining,R126,Wan Chai,83301
2024-06-29,P036,Dish 1,485,0.25,36,,Rainy,Fine Dining,R126,Wan Chai,83301
2024-06-29,P036,Dish 2,672,0.25,14,,Rainy,Fine Dining,R126,Wan Chai,83301
2024-06-29,P036,Dish 3,322,0.25,46,,Rainy,Fine Dining,R126,Wan Chai,83301
2024-06-29,P036,Dish 4,577,0.25,39,,Rainy,Fine Dining,R126,Wan Chai,83301
2024-06-30,P037,Dish 1,376,0.05,45,,Sunny,Fine Dining,R126,Wan Chai,83301
2024-06-30,P037,Dish 2,383,0.05,17,,Sunny,Fine Dining,R126,Wan Chai,83301
2024-06-30,P037,Dish 3,382,0.05,11,,Sunny,Fine Dining,R126,Wan Chai,83301
2024-06-30,P037,Dish 4,524,0.05,24,,Sunny,Fine Dining,R126,Wan Chai,83301
2024-07-01,P009,Dish 1,305,0.1,18,,Sunny,Fine Dining,R126,Wan Chai,83301
2024-07-01,P009,Dish 2,258,0.1,33,,Sunny,Fine Dining,R126,Wan Chai,83301
2024-07-01,P009,Dish 3,247,0.1,39,,Sunny,Fine Dining,R126,Wan Chai,83301
2024-07-01,P009,Dish 4,298,0.1,31,,Sunny,Fine Dining,R126,Wan Chai,83301
2024-07-02,P010,Dish 1,301,0.1,50,,Windy,Fine Dining,R126,Wan Chai,83301
2024-07-02,P010,Dish 2,268,0.1,26,,Windy,Fine Dining,R126,Wan Chai,83301
2024-07-02,P010,Dish 3,363,0.1,21,,Windy,Fine Dining,R126,Wan Chai,83301
2024-07-02,P010,Dish 4,247,0.1,23,,Windy,Fine Dining,R126,Wan Chai,83301
2024-07-03,P011,Dish 1,422,0.25,13,,Sunny,Fine Dining,R126,Wan Chai,83301
2024-07-03,P011,Dish 2,432,0.25,18,,Sunny,Fine Dining,R126,Wan Chai,83301
2024-07-03,P011,Dish 3,491,0.25,16,,Sunny,Fine Dining,R126,Wan Chai,83301
2024-07-03,P011,Dish 4,375,0.25,45,,Sunny,Fine Dining,R126,Wan Chai,83301
2024-07-04,P012,Dish 1,314,0.1,34,,Rainy,Fine Dining,R126,Wan Chai,83301
2024-07-04,P012,Dish 2,337,0.1,35,,Rainy,Fine Dining,R126,Wan Chai,83301
2024-07-04,P012,Dish 3,286,0.1,30,,Rainy,Fine Dining,R126,Wan Chai,83301
2024-07-04,P012,Dish 4,400,0.1,17,,Rainy,Fine Dining,R126,Wan Chai,83301
2024-07-05,P013,Dish 1,326,0.1,41,,Cloudy,Fine Dining,R126,Wan Chai,83301
2024-07-05,P013,Dish 2,312,0.1,49,,Cloudy,Fine Dining,R126,Wan Chai,83301
2024-07-05,P013,Dish 3,396,0.1,29,,Cloudy,Fine Dining,R126,Wan Chai,83301
2024-07-05,P013,Dish 4,374,0.1,34,,Cloudy,Fine Dining,R126,Wan Chai,83301
2024-07-06,P014,Dish 1,440,0.2,15,,Rainy,Fine Dining,R126,Wan Chai,83301
2024-07-06,P014,Dish 2,511,0.2,35,,Rainy,Fine Dining,R126,Wan Chai,83301
2024-07-06,P014,Dish 3,443,0.2,27,,Rainy,Fine Dining,R126,Wan Chai,83301
2024-07-06,P014,Dish 4,392,0.2,14,,Rainy,Fine Dining,R126,Wan Chai,83301
2024-07-07,P015,Dish 1,426,0.05,45,,Sunny,Fine Dining,R126,Wan Chai,83301
2024-07-07,P015,Dish 2,408,0.05,14,,Sunny,Fine Dining,R126,Wan Chai,83301
2024-07-07,P015,Dish 3,518,0.05,18,,Sunny,Fine Dining,R126,Wan Chai,83301
2024-07-07,P015,Dish 4,423,0.05,39,,Sunny,Fine Dining,R126,Wan Chai,83301
2024-07-08,P016,Dish 1,318,0.0,27,,Sunny,Fine Dining,R126,Wan Chai,83301
2024-07-08,P016,Dish 2,282,0.0,18,,Sunny,Fine Dining,R126,Wan Chai,83301
2024-07-08,P016,Dish 3,400,0.0,22,,Sunny,Fine Dining,R126,Wan Chai,83301
2024-07-08,P016,Dish 4,280,0.0,47,,Sunny,Fine Dining,R126,Wan Chai,83301
2024-07-09,P017,Dish 1,342,0.2,35,,Windy,Fine Dining,R126,Wan Chai,83301
2024-07-09,P017,Dish 2,404,0.2,17,,Windy,Fine Dining,R126,Wan Chai,83301
2024-07-09,P017,Dish 3,385,0.2,15,,Windy,Fine Dining,R126,Wan Chai,83301
2024-07-09,P017,Dish 4,428,0.2,17,,Windy,Fine Dining,R126,Wan Chai,83301
2024-07-10,P018,Dish 1,526,0.25,43,,Sunny,Fine Dining,R126,Wan Chai,83301
2024-07-10,P018,Dish 2,407,0.25,19,,Sunny,Fine Dining,R126,Wan Chai,83301
2024-07-10,P018,Dish 3,369,0.25,19,,Sunny,Fine Dining,R126,Wan Chai,83301
2024-07-10,P018,Dish 4,281,0.25,46,,Sunny,Fine Dining,R126,Wan Chai,83301
2024-07-11,P019,Dish 1,244,0.0,15,,Rainy,Fine Dining,R126,Wan Chai,83301
2024-07-11,P019,Dish 2,150,0.0,46,,Rainy,Fine Dining,R126,Wan Chai,83301
2024-07-11,P019,Dish 3,220,0.0,48,,Rainy,Fine Dining,R126,Wan Chai,83301
2024-07-11,P019,Dish 4,255,0.0,37,,Rainy,Fine Dining,R126,Wan Chai,83301
2024-07-12,P020,Dish 1,246,0.0,47,,Sunny,Fine Dining,R126,Wan Chai,83301
2024-07-12,P020,Dish 2,279,0.0,38,,Sunny,Fine Dining,R126,Wan Chai,83301
2024-07-12,P020,Dish 3,227,0.0,34,,Sunny,Fine Dining,R126,Wan Chai,83301
2024-07-12,P020,Dish 4,237,0.0,12,,Sunny,Fine Dining,R126,Wan Chai,83301
2024-07-13,P021,Dish 1,493,0.1,21,,Rainy,Fine Dining,R126,Wan Chai,83301
2024-07-13,P021,Dish 2,491,0.1,33,,Rainy,Fine Dining,R126,Wan Chai,83301
2024-07-13,P021,Dish 3,349,0.1,48,,Rainy,Fine Dining,R126,Wan Chai,83301
2024-07-13,P021,Dish 4,375,0.1,43,,Rainy,Fine Dining,R126,Wan Chai,83301
2024-07-14,P022,Dish 1,246,0.25,41,,Rainy,Fine Dining,R126,Wan Chai,83301
2024-07-14,P022,Dish 2,512,0.25,12,,Rainy,Fine Dining,R126,Wan Chai,83301
2024-07-14,P022,Dish 3,536,0.25,27,,Rainy,Fine Dining,R126,Wan Chai,83301
2024-07-14,P022,Dish 4,259,0.25,48,,Rainy,Fine Dining,R126,Wan Chai,83301
2024-07-15,P023,Dish 1,303,0.25,28,,Rainy,Fine Dining,R126,Wan Chai,83301
2024-07-15,P023,Dish 2,273,0.25,35,,Rainy,Fine Dining,R126,Wan Chai,83301
2024-07-15,P023,Dish 3,425,0.25,14,,Rainy,Fine Dining,R126,Wan Chai,83301
2024-07-15,P023,Dish 4,256,0.25,37,,Rainy,Fine Dining,R126,Wan Chai,83301
2024-07-16,P024,Dish 1,515,0.25,12,,Sunny,Fine Dining,R126,Wan Chai,83301
2024-07-16,P024,Dish 2,470,0.25,42,,Sunny,Fine Dining,R126,Wan Chai,83301
2024-07-16,P024,Dish 3,335,0.25,42,,Sunny,Fine Dining,R126,Wan Chai,83301
2024-07-16,P024,Dish 4,431,0.25,17,,Sunny,Fine Dining,R126,Wan Chai,83301
2024-07-17,P025,Dish 1,387,0.2,24,,Sunny,Fine Dining,R126,Wan Chai,83301
2024-07-17,P025,Dish 2,245,0.2,35,,Sunny,Fine Dining,R126,Wan Chai,83301
2024-07-17,P025,Dish 3,486,0.2,15,,Sunny,Fine Dining,R126,Wan Chai,83301
2024-07-17,P025,Dish 4,222,0.2,43,,Sunny,Fine Dining,R126,Wan Chai,83301
2024-07-18,P026,Dish 1,212,0.0,29,,Cloudy,Fine Dining,R126,Wan Chai,83301
2024-07-18,P026,Dish 2,186,0.0,47,,Cloudy,Fine Dining,R126,Wan Chai,83301
2024-07-18,P026,Dish 3,283,0.0,33,,Cloudy,Fine Dining,R126,Wan Chai,83301
2024-07-18,P026,Dish 4,265,0.0,16,,Cloudy,Fine Dining,R126,Wan Chai,83301
2024-07-19,P027,Dish 1,213,0.0,39,,Sunny,Fine Dining,R126,Wan Chai,83301
2024-07-19,P027,Dish 2,258,0.0,44,,Sunny,Fine Dining,R126,Wan Chai,83301
2024-07-19,P027,Dish 3,219,0.0,23,,Sunny,Fine Dining,R126,Wan Chai,83301
2024-07-19,P027,Dish 4,223,0.0,50,,Sunny,Fine Dining,R126,Wan Chai,83301
2024-07-20,P028,Dish 1,487,0.0,22,,Rainy,Fine Dining,R126,Wan Chai,83301
2024-07-20,P028,Dish 2,536,0.0,26,,Rainy,Fine Dining,R126,Wan Chai,83301
2024-07-20,P028,Dish 3,390,0.0,29,,Rainy,Fine Dining,R126,Wan Chai,83301
2024-07-20,P028,Dish 4,357,0.0,35,,Rainy,Fine Dining,R126,Wan Chai,83301
2024-07-21,P029,Dish 1,645,0.2,14,,Sunny,Fine Dining,R126,Wan Chai,83301
2024-07-21,P029,Dish 2,444,0.2,36,,Sunny,Fine Dining,R126,Wan Chai,83301
2024-07-21,P029,Dish 3,489,0.2,25,,Sunny,Fine Dining,R126,Wan Chai,83301
2024-07-21,P029,Dish 4,582,0.2,39,,Sunny,Fine Dining,R126,Wan Chai,83301
2024-07-22,P030,Dish 1,275,0.05,47,,Cloudy,Fine Dining,R126,Wan Chai,83301
2024-07-22,P030,Dish 2,255,0.05,30,,Cloudy,Fine Dining,R126,Wan Chai,83301
2024-07-22,P030,Dish 3,383,0.05,10,,Cloudy,Fine Dining,R126,Wan Chai,83301
2024-07-22,P030,Dish 4,199,0.05,43,,Cloudy,Fine Dining,R126,Wan Chai,83301
2024-07-23,P031,Dish 1,250,0.1,44,,Sunny,Fine Dining,R126,Wan Chai,83301
2024-07-23,P031,Dish 2,195,0.1,43,,Sunny,Fine Dining,R126,Wan Chai,83301
2024-07-23,P031,Dish 3,330,0.1,30,,Sunny,Fine Dining,R126,Wan Chai,83301
2024-07-23,P031,Dish 4,270,0.1,44,,Sunny,Fine Dining,R126,Wan Chai,83301
2024-07-24,P032,Dish 1,330,0.05,30,,Sunny,Fine Dining,R126,Wan Chai,83301
2024-07-24,P032,Dish 2,364,0.05,14,,Sunny,Fine Dining,R126,Wan Chai,83301
2024-07-24,P032,Dish 3,273,0.05,14,,Sunny,Fine Dining,R126,Wan Chai,83301
2024-07-24,P032,Dish 4,378,0.05,10,,Sunny,Fine Dining,R126,Wan Chai,83301
2024-07-25,P033,Dish 1,441,0.25,35,,Sunny,Fine Dining,R126,Wan Chai,83301
2024-07-25,P033,Dish 2,341,0.25,44,,Sunny,Fine Dining,R126,Wan Chai,83301
2024-07-25,P033,Dish 3,403,0.25,20,,Sunny,Fine Dining,R126,Wan Chai,83301
2024-07-25,P033,Dish 4,644,0.25,12,,Sunny,Fine Dining,R126,Wan Chai,83301
2024-07-26,P034,Dish 1,288,0.2,49,,Windy,Fine Dining,R126,Wan Chai,83301
2024-07-26,P034,Dish 2,478,0.2,12,,Windy,Fine Dining,R126,Wan Chai,83301
2024-07-26,P034,Dish 3,375,0.2,46,,Windy,Fine Dining,R126,Wan Chai,83301
2024-07-26,P034,Dish 4,362,0.2,42,,Windy,Fine Dining,R126,Wan Chai,83301
2024-07-27,P035,Dish 1,276,0.0,44,,Sunny,Fine Dining,R126,Wan Chai,83301
2024-07-27,P035,Dish 2,612,0.0,15,,Sunny,Fine Dining,R126,Wan Chai,83301
2024-07-27,P035,Dish 3,410,0.0,20,,Sunny,Fine Dining,R126,Wan Chai,83301
2024-07-27,P035,Dish 4,371,0.0,38,,Sunny,Fine Dining,R126,Wan Chai,83301
2024-07-28,P036,Dish 1,402,0.2,43,,Sunny,Fine Dining,R126,Wan Chai,83301
2024-07-28,P036,Dish 2,443,0.2,24,,Sunny,Fine Dining,R126,Wan Chai,83301
2024-07-28,P036,Dish 3,487,0.2,15,,Sunny,Fine Dining,R126,Wan Chai,83301
2024-07-28,P036,Dish 4,433,0.2,40,,Sunny,Fine Dining,R126,Wan Chai,83301
2024-07-29,P037,Dish 1,205,0.0,46,,Rainy,Fine Dining,R126,Wan Chai,83301
2024-07-29,P037,Dish 2,284,0.0,14,,Rainy,Fine Dining,R126,Wan Chai,83301
2024-07-29,P037,Dish 3,257,0.0,33,,Rainy,Fine Dining,R126,Wan Chai,83301
2024-07-29,P037,Dish 4,196,0.0,22,,Rainy,Fine Dining,R126,Wan Chai,83301
2024-07-30,P038,Dish 1,237,0.1,40,,Sunny,Fine Dining,R126,Wan Chai,83301
2024-07-30,P038,Dish 2,307,0.1,44,,Sunny,Fine Dining,R126,Wan Chai,83301
2024-07-30,P038,Dish 3,317,0.1,37,,Sunny,Fine Dining,R126,Wan Chai,83301
2024-07-30,P038,Dish 4,280,0.1,37,,Sunny,Fine Dining,R126,Wan Chai,83301
2024-07-31,P039,Dish 1,383,0.05,14,,Sunny,Fine Dining,R126,Wan Chai,83301
2024-07-31,P039,Dish 2,264,0.05,42,,Sunny,Fine Dining,R126,Wan Chai,83301
2024-07-31,P039,Dish 3,245,0.05,48,,Sunny,Fine Dining,R126,Wan Chai,83301
2024-07-31,P039,Dish 4,323,0.05,18,,Sunny,Fine Dining,R126,Wan Chai,83301
2024-08-01,P010,Dish 1,363,0.1,38,,Windy,Fine Dining,R126,Wan Chai,83301
2024-08-01,P010,Dish 2,315,0.1,23,,Windy,Fine Dining,R126,Wan Chai,83301
2024-08-01,P010,Dish 3,237,0.1,47,,Windy,Fine Dining,R126,Wan Chai,83301
2024-08-01,P010,Dish 4,346,0.1,33,,Windy,Fine Dining,R126,Wan Chai,83301
2024-08-02,P011,Dish 1,331,0.25,43,,Sunny,Fine Dining,R126,Wan Chai,83301
2024-08-02,P011,Dish 2,390,0.25,43,,Sunny,Fine Dining,R126,Wan Chai,83301
2024-08-02,P011,Dish 3,253,0.25,16,,Sunny,Fine Dining,R126,Wan Chai,83301
2024-08-02,P011,Dish 4,446,0.25,20,,Sunny,Fine Dining,R126,Wan Chai,83301
2024-08-03,P012,Dish 1,277,0.2,35,,Rainy,Fine Dining,R126,Wan Chai,83301
2024-08-03,P012,Dish 2,381,0.2,22,,Rainy,Fine Dining,R126,Wan Chai,83301
2024-08-03,P012,Dish 3,313,0.2,47,,Rainy,Fine Dining,R126,Wan Chai,83301
2024-08-03,P012,Dish 4,377,0.2,37,,Rainy,Fine Dining,R126,Wan Chai,83301
2024-08-04,P013,Dish 1,384,0.0,33,,Cloudy,Fine Dining,R126,Wan Chai,83301
2024-08-04,P013,Dish 2,270,0.0,49,,Cloudy,Fine Dining,R126,Wan Chai,83301
2024-08-04,P013,Dish 3,334,0.0,35,,Cloudy,Fine Dining,R126,Wan Chai,83301
2024-08-04,P013,Dish 4,426,0.0,13,,Cloudy,Fine Dining,R126,Wan Chai,83301
2024-08-05,P014,Dish 1,363,0.2,25,,Sunny,Fine Dining,R126,Wan Chai,83301
2024-08-05,P014,Dish 2,377,0.2,22,,Sunny,Fine Dining,R126,Wan Chai,83301
2024-08-05,P014,Dish 3,264,0.2,50,,Sunny,Fine Dining,R126,Wan Chai,83301
2024-08-05,P014,Dish 4,389,0.2,34,,Sunny,Fine Dining,R126,Wan Chai,83301
2024-08-06,P015,Dish 1,291,0.2,41,,Rainy,Fine Dining,R126,Wan Chai,83301
2024-08-06,P015,Dish 2,358,0.2,34,,Rainy,Fine Dining,R126,Wan Chai,83301
2024-08-06,P015,Dish 3,373,0.2,29,,Rainy,Fine Dining,R126,Wan Chai,83301
2024-08-06,P015,Dish 4,335,0.2,33,,Rainy,Fine Dining,R126,Wan Chai,83301
2024-08-07,P016,Dish 1,270,0.05,45,,Sunny,Fine Dining,R126,Wan Chai,83301
2024-08-07,P016,Dish 2,264,0.05,50,,Sunny,Fine Dining,R126,Wan Chai,83301
2024-08-07,P016,Dish 3,322,0.05,25,,Sunny,Fine Dining,R126,Wan Chai,83301
2024-08-07,P016,Dish 4,312,0.05,34,,Sunny,Fine Dining,R126,Wan Chai,83301
2024-08-08,P017,Dish 1,530,0.2,13,,Rainy,Fine Dining,R126,Wan Chai,83301
2024-08-08,P017,Dish 2,300,0.2,34,,Rainy,Fine Dining,R126,Wan Chai,83301
2024-08-08,P017,Dish 3,421,0.2,40,,Rainy,Fine Dining,R126,Wan Chai,83301
2024-08-08,P017,Dish 4,327,0.2,49,,Rainy,Fine Dining,R126,Wan Chai,83301
2024-08-09,P018,Dish 1,336,0.1,13,,Rainy,Fine Dining,R126,Wan Chai,83301
2024-08-09,P018,Dish 2,298,0.1,11,,Rainy,Fine Dining,R126,Wan Chai,83301
2024-08-09,P018,Dish 3,237,0.1,33,,Rainy,Fine Dining,R126,Wan Chai,83301
2024-08-09,P018,Dish 4,182,0.1,45,,Rainy,Fine Dining,R126,Wan Chai,83301
2024-08-10,P019,Dish 1,538,0.05,13,,Sunny,Fine Dining,R126,Wan Chai,83301
2024-08-10,P019,Dish 2,431,0.05,24,,Sunny,Fine Dining,R126,Wan Chai,83301
2024-08-10,P019,Dish 3,417,0.05,41,,Sunny,Fine Dining,R126,Wan Chai,83301
2024-08-10,P019,Dish 4,561,0.05,24,,Sunny,Fine Dining,R126,Wan Chai,83301
2024-08-11,P020,Dish 1,255,0.0,22,,Rainy,Fine Dining,R126,Wan Chai,83301
2024-08-11,P020,Dish 2,207,0.0,40,,Rainy,Fine Dining,R126,Wan Chai,83301
2024-08-11,P020,Dish 3,347,0.0,19,,Rainy,Fine Dining,R126,Wan Chai,83301
2024-08-11,P020,Dish 4,331,0.0,25,,Rainy,Fine Dining,R126,Wan Chai,83301
2024-08-12,P021,Dish 1,181,0.05,28,,Rainy,Fine Dining,R126,Wan Chai,83301
2024-08-12,P021,Dish 2,224,0.05,41,,Rainy,Fine Dining,R126,Wan Chai,83301
2024-08-12,P021,Dish 3,191,0.05,47,,Rainy,Fine Dining,R126,Wan Chai,83301
2024-08-12,P021,Dish 4,164,0.05,50,,Rainy,Fine Dining,R126,Wan Chai,83301
2024-08-13,P022,Dish 1,283,0.05,41,,Sunny,Fine Dining,R126,Wan Chai,83301
2024-08-13,P022,Dish 2,321,0.05,20,,Sunny,Fine Dining,R126,Wan Chai,83301
2024-08-13,P022,Dish 3,368,0.05,11,,Sunny,Fine Dining,R126,Wan Chai,83301
2024-08-13,P022,Dish 4,251,0.05,42,,Sunny,Fine Dining,R126,Wan Chai,83301
2024-08-14,P023,Dish 1,420,0.25,32,,Rainy,Fine Dining,R126,Wan Chai,83301
2024-08-14,P023,Dish 2,351,0.25,39,,Rainy,Fine Dining,R126,Wan Chai,83301
2024-08-14,P023,Dish 3,279,0.25,41,,Rainy,Fine Dining,R126,Wan Chai,83301
2024-08-14,P023,Dish 4,328,0.25,27,,Rainy,Fine Dining,R126,Wan Chai,83301
2024-08-15,P024,Dish 1,196,0.1,38,,Windy,Fine Dining,R126,Wan Chai,83301
2024-08-15,P024,Dish 2,351,0.1,40,,Windy,Fine Dining,R126,Wan Chai,83301
2024-08-15,P024,Dish 3,335,0.1,21,,Windy,Fine Dining,R126,Wan Chai,83301
2024-08-15,P024,Dish 4,388,0.1,35,,Windy,Fine Dining,R126,Wan Chai,83301
2024-08-16,P025,Dish 1,193,0.2,45,,Rainy,Fine Dining,R126,Wan Chai,83301
2024-08-16,P025,Dish 2,250,0.2,37,,Rainy,Fine Dining,R126,Wan Chai,83301
2024-08-16,P025,Dish 3,319,0.2,30,,Rainy,Fine Dining,R126,Wan Chai,83301
2024-08-16,P025,Dish 4,302,0.2,30,,Rainy,Fine Dining,R126,Wan Chai,83301
2024-08-17,P026,Dish 1,391,0.2,40,,Rainy,Fine Dining,R126,Wan Chai,83301
2024-08-17,P026,Dish 2,279,0.2,35,,Rainy,Fine Dining,R126,Wan Chai,83301
2024-08-17,P026,Dish 3,357,0.2,19,,Rainy,Fine Dining,R126,Wan Chai,83301
2024-08-17,P026,Dish 4,361,0.2,41,,Rainy,Fine Dining,R126,Wan Chai,83301
2024-08-18,P027,Dish 1,547,0.2,32,,Sunny,Fine Dining,R126,Wan Chai,83301
2024-08-18,P027,Dish 2,515,0.2,31,,Sunny,Fine Dining,R126,Wan Chai,83301
2024-08-18,P027,Dish 3,315,0.2,49,,Sunny,Fine Dining,R126,Wan Chai,83301
2024-08-18,P027,Dish 4,523,0.2,17,,Sunny,Fine Dining,R126,Wan Chai,83301
2024-08-19,P028,Dish 1,338,0.25,40,,Rainy,Fine Dining,R126,Wan Chai,83301
2024-08-19,P028,Dish 2,409,0.25,23,,Rainy,Fine Dining,R126,Wan Chai,83301
2024-08-19,P028,Dish 3,401,0.25,16,,Rainy,Fine Dining,R126,Wan Chai,83301
2024-08-19,P028,Dish 4,299,0.25,30,,Rainy,Fine Dining,R126,Wan Chai,83301
2024-08-20,P029,Dish 1,332,0.0,22,,Windy,Fine Dining,R126,Wan Chai,83301
2024-08-20,P029,Dish 2,197,0.0,50,,Windy,Fine Dining,R126,Wan Chai,83301
2024-08-20,P029,Dish 3,366,0.0,14,,Windy,Fine Dining,R126,Wan Chai,83301
2024-08-20,P029,Dish 4,269,0.0,13,,Windy,Fine Dining,R126,Wan Chai,83301
2024-08-21,P030,Dish 1,384,0.25,50,,Windy,Fine Dining,R126,Wan Chai,83301
2024-08-21,P030,Dish 2,293,0.25,20,,Windy,Fine Dining,R126,Wan Chai,83301
2024-08-21,P030,Dish 3,498,0.25,21,,Windy,Fine Dining,R126,Wan Chai,83301
2024-08-21,P030,Dish 4,480,0.25,30,,Windy,Fine Dining,R126,Wan Chai,83301
2024-08-22,P031,Dish 1,471,0.0,14,,Sunny,Fine Dining,R126,Wan Chai,83301
2024-08-22,P031,Dish 2,290,0.0,13,,Sunny,Fine Dining,R126,Wan Chai,83301
2024-08-22,P031,Dish 3,335,0.0,29,,Sunny,Fine Dining,R126,Wan Chai,83301
2024-08-22,P031,Dish 4,200,0.0,31,,Sunny,Fine Dining,R126,Wan Chai,83301
2024-08-23,P032,Dish 1,365,0.25,38,,Windy,Fine Dining,R126,Wan Chai,83301
2024-08-23,P032,Dish 2,323,0.25,47,,Windy,Fine Dining,R126,Wan Chai,83301
2024-08-23,P032,Dish 3,396,0.25,11,,Windy,Fine Dining,R126,Wan Chai,83301
2024-08-23,P032,Dish 4,301,0.25,49,,Windy,Fine Dining,R126,Wan Chai,83301
2024-08-24,P033,Dish 1,320,0.25,10,,Sunny,Fine Dining,R126,Wan Chai,83301
2024-08-24,P033,Dish 2,539,0.25,35,,Sunny,Fine Dining,R126,Wan Chai,83301
2024-08-24,P033,Dish 3,430,0.25,24,,Sunny,Fine Dining,R126,Wan Chai,83301
2024-08-24,P033,Dish 4,443,0.25,46,,Sunny,Fine Dining,R126,Wan Chai,83301
2024-08-25,P034,Dish 1,582,0.25,12,,Sunny,Fine Dining,R126,Wan Chai,83301
2024-08-25,P034,Dish 2,551,0.25,33,,Sunny,Fine Dining,R126,Wan Chai,83301
2024-08-25,P034,Dish 3,537,0.25,23,,Sunny,Fine Dining,R126,Wan Chai,83301
2024-08-25,P034,Dish 4,483,0.25,25,,Sunny,Fine Dining,R126,Wan Chai,83301
2024-08-26,P035,Dish 1,477,0.2,12,,Sunny,Fine Dining,R126,Wan Chai,83301
2024-08-26,P035,Dish 2,268,0.2,45,,Sunny,Fine Dining,R126,Wan Chai,83301
2024-08-26,P035,Dish 3,342,0.2,35,,Sunny,Fine Dining,R126,Wan Chai,83301
2024-08-26,P035,Dish 4,275,0.2,49,,Sunny,Fine Dining,R126,Wan Chai,83301
2024-08-27,P036,Dish 1,305,0.0,24,,Windy,Fine Dining,R126,Wan Chai,83301
2024-08-27,P036,Dish 2,281,0.0,35,,Windy,Fine Dining,R126,Wan Chai,83301
2024-08-27,P036,Dish 3,276,0.0,13,,Windy,Fine Dining,R126,Wan Chai,83301
2024-08-27,P036,Dish 4,325,0.0,27,,Windy,Fine Dining,R126,Wan Chai,83301
2024-08-28,P037,Dish 1,268,0.05,47,,Cloudy,Fine Dining,R126,Wan Chai,83301
2024-08-28,P037,Dish 2,235,0.05,30,,Cloudy,Fine Dining,R126,Wan Chai,83301
2024-08-28,P037,Dish 3,344,0.05,11,,Cloudy,Fine Dining,R126,Wan Chai,83301
2024-08-28,P037,Dish 4,285,0.05,23,,Cloudy,Fine Dining,R126,Wan Chai,83301
2024-08-29,P038,Dish 1,317,0.2,49,,Windy,Fine Dining,R126,Wan Chai,83301
2024-08-29,P038,Dish 2,271,0.2,46,,Windy,Fine Dining,R126,Wan Chai,83301
2024-08-29,P038,Dish 3,461,0.2,17,,Windy,Fine Dining,R126,Wan Chai,83301
2024-08-29,P038,Dish 4,344,0.2,16,,Windy,Fine Dining,R126,Wan Chai,83301
2024-08-30,P039,Dish 1,368,0.2,31,,Sunny,Fine Dining,R126,Wan Chai,83301
2024-08-30,P039,Dish 2,388,0.2,22,,Sunny,Fine Dining,R126,Wan Chai,83301
2024-08-30,P039,Dish 3,516,0.2,12,,Sunny,Fine Dining,R126,Wan Chai,83301
2024-08-30,P039,Dish 4,501,0.2,16,,Sunny,Fine Dining,R126,Wan Chai,83301
2024-08-31,P040,Dish 1,347,0.2,42,,Rainy,Fine Dining,R126,Wan Chai,83301
2024-08-31,P040,Dish 2,523,0.2,31,,Rainy,Fine Dining,R126,Wan Chai,83301
2024-08-31,P040,Dish 3,320,0.2,44,,Rainy,Fine Dining,R126,Wan Chai,83301
2024-08-31,P040,Dish 4,539,0.2,13,,Rainy,Fine Dining,R126,Wan Chai,83301
2024-09-01,P011,Dish 1,418,0.2,50,,Rainy,Fine Dining,R126,Wan Chai,83301
2024-09-01,P011,Dish 2,394,0.2,25,,Rainy,Fine Dining,R126,Wan Chai,83301
2024-09-01,P011,Dish 3,439,0.2,49,,Rainy,Fine Dining,R126,Wan Chai,83301
2024-09-01,P011,Dish 4,522,0.2,26,,Rainy,Fine Dining,R126,Wan Chai,83301
2024-09-02,P012,Dish 1,484,0.2,19,,Sunny,Fine Dining,R126,Wan Chai,83301
2024-09-02,P012,Dish 2,348,0.2,33,,Sunny,Fine Dining,R126,Wan Chai,83301
2024-09-02,P012,Dish 3,334,0.2,44,,Sunny,Fine Dining,R126,Wan Chai,83301
2024-09-02,P012,Dish 4,524,0.2,17,,Sunny,Fine Dining,R126,Wan Chai,83301
2024-09-03,P013,Dish 1,493,0.25,24,,Cloudy,Fine Dining,R126,Wan Chai,83301
2024-09-03,P013,Dish 2,464,0.25,43,,Cloudy,Fine Dining,R126,Wan Chai,83301
2024-09-03,P013,Dish 3,435,0.25,38,,Cloudy,Fine Dining,R126,Wan Chai,83301
2024-09-03,P013,Dish 4,572,0.25,12,,Cloudy,Fine Dining,R126,Wan Chai,83301
2024-09-04,P014,Dish 1,183,0.0,48,,Rainy,Fine Dining,R126,Wan Chai,83301
2024-09-04,P014,Dish 2,222,0.0,26,,Rainy,Fine Dining,R126,Wan Chai,83301
2024-09-04,P014,Dish 3,218,0.0,27,,Rainy,Fine Dining,R126,Wan Chai,83301
2024-09-04,P014,Dish 4,294,0.0,48,,Rainy,Fine Dining,R126,Wan Chai,83301
2024-09-05,P015,Dish 1,263,0.05,47,,Sunny,Fine Dining,R126,Wan Chai,83301
2024-09-05,P015,Dish 2,262,0.05,31,,Sunny,Fine Dining,R126,Wan Chai,83301
2024-09-05,P015,Dish 3,296,0.05,46,,Sunny,Fine Dining,R126,Wan Chai,83301
2024-09-05,P015,Dish 4,226,0.05,24,,Sunny,Fine Dining,R126,Wan Chai,83301
2024-09-06,P016,Dish 1,274,0.0,31,,Sunny,Fine Dining,R126,Wan Chai,83301
2024-09-06,P016,Dish 2,204,0.0,30,,Sunny,Fine Dining,R126,Wan Chai,83301
2024-09-06,P016,Dish 3,283,0.0,40,,Sunny,Fine Dining,R126,Wan Chai,83301
2024-09-06,P016,Dish 4,199,0.0,50,,Sunny,Fine Dining,R126,Wan Chai,83301
2024-09-07,P017,Dish 1,465,0.2,36,,Sunny,Fine Dining,R126,Wan Chai,83301
2024-09-07,P017,Dish 2,459,0.2,49,,Sunny,Fine Dining,R126,Wan Chai,83301
2024-09-07,P017,Dish 3,458,0.2,24,,Sunny,Fine Dining,R126,Wan Chai,83301
2024-09-07,P017,Dish 4,360,0.2,32,,Sunny,Fine Dining,R126,Wan Chai,83301
2024-09-08,P018,Dish 1,452,0.25,15,,Sunny,Fine Dining,R126,Wan Chai,83301
2024-09-08,P018,Dish 2,336,0.25,37,,Sunny,Fine Dining,R126,Wan Chai,83301
2024-09-08,P018,Dish 3,471,0.25,21,,Sunny,Fine Dining,R126,Wan Chai,83301
2024-09-08,P018,Dish 4,378,0.25,30,,Sunny,Fine Dining,R126,Wan Chai,83301
2024-09-09,P019,Dish 1,172,0.0,39,,Cloudy,Fine Dining,R126,Wan Chai,83301
2024-09-09,P019,Dish 2,288,0.0,15,,Cloudy,Fine Dining,R126,Wan Chai,83301
2024-09-09,P019,Dish 3,269,0.0,44,,Cloudy,Fine Dining,R126,Wan Chai,83301
2024-09-09,P019,Dish 4,239,0.0,44,,Cloudy,Fine Dining,R126,Wan Chai,83301
2024-09-10,P020,Dish 1,357,0.2,27,,Cloudy,Fine Dining,R126,Wan Chai,83301
2024-09-10,P020,Dish 2,296,0.2,46,,Cloudy,Fine Dining,R126,Wan Chai,83301
2024-09-10,P020,Dish 3,325,0.2,45,,Cloudy,Fine Dining,R126,Wan Chai,83301
2024-09-10,P020,Dish 4,328,0.2,44,,Cloudy,Fine Dining,R126,Wan Chai,83301
2024-09-11,P021,Dish 1,283,0.0,39,,Sunny,Fine Dining,R126,Wan Chai,83301
2024-09-11,P021,Dish 2,249,0.0,37,,Sunny,Fine Dining,R126,Wan Chai,83301
2024-09-11,P021,Dish 3,197,0.0,31,,Sunny,Fine Dining,R126,Wan Chai,83301
2024-09-11,P021,Dish 4,344,0.0,15,,Sunny,Fine Dining,R126,Wan Chai,83301
2024-09-12,P022,Dish 1,436,0.0,20,,Windy,Fine Dining,R126,Wan Chai,83301
2024-09-12,P022,Dish 2,300,0.0,10,,Windy,Fine Dining,R126,Wan Chai,83301
2024-09-12,P022,Dish 3,336,0.0,16,,Windy,Fine Dining,R126,Wan Chai,83301
2024-09-12,P022,Dish 4,284,0.0,24,,Windy,Fine Dining,R126,Wan Chai,83301
2024-09-13,P023,Dish 1,333,0.2,42,,Windy,Fine Dining,R126,Wan Chai,83301
2024-09-13,P023,Dish 2,462,0.2,21,,Windy,Fine Dining,R126,Wan Chai,83301
2024-09-13,P023,Dish 3,446,0.2,23,,Windy,Fine Dining,R126,Wan Chai,83301
2024-09-13,P023,Dish 4,344,0.2,10,,Windy,Fine Dining,R126,Wan Chai,83301
2024-09-14,P024,Dish 1,435,0.1,23,,Sunny,Fine Dining,R126,Wan Chai,83301
2024-09-14,P024,Dish 2,355,0.1,26,,Sunny,Fine Dining,R126,Wan Chai,83301
2024-09-14,P024,Dish 3,350,0.1,36,,Sunny,Fine Dining,R126,Wan Chai,83301
2024-09-14,P024,Dish 4,428,0.1,37,,Sunny,Fine Dining,R126,Wan Chai,83301
2024-09-15,P025,Dish 1,385,0.05,30,,Sunny,Fine Dining,R126,Wan Chai,83301
2024-09-15,P025,Dish 2,401,0.05,15,,Sunny,Fine Dining,R126,Wan Chai,83301
2024-09-15,P025,Dish 3,515,0.05,13,,Sunny,Fine Dining,R126,Wan Chai,83301
2024-09-15,P025,Dish 4,368,0.05,40,,Sunny,Fine Dining,R126,Wan Chai,83301
2024-09-16,P026,Dish 1,220,0.1,49,,Rainy,Fine Dining,R126,Wan Chai,83301
2024-09-16,P026,Dish 2,243,0.1,36,,Rainy,Fine Dining,R126,Wan Chai,83301
2024-09-16,P026,Dish 3,364,0.1,25,,Rainy,Fine Dining,R126,Wan Chai,83301
2024-09-16,P026,Dish 4,349,0.1,37,,Rainy,Fine Dining,R126,Wan Chai,83301
2024-09-17,P027,Dish 1,440,0.0,10,Mid-Autumn Festival,Rainy,Fine Dining,R126,Wan Chai,83301
2024-09-17,P027,Dish 2,307,0.0,34,Mid-Autumn Festival,Rainy,Fine Dining,R126,Wan Chai,83301
2024-09-17,P027,Dish 3,324,0.0,10,Mid-Autumn Festival,Rainy,Fine Dining,R126,Wan Chai,83301
2024-09-17,P027,Dish 4,418,0.0,49,Mid-Autumn Festival,Rainy,Fine Dining,R126,Wan Chai,83301
2024-09-18,P028,Dish 1,417,0.2,33,,Windy,Fine Dining,R126,Wan Chai,83301
2024-09-18,P028,Dish 2,305,0.2,44,,Windy,Fine Dining,R126,Wan Chai,83301
2024-09-18,P028,Dish 3,453,0.2,21,,Windy,Fine Dining,R126,Wan Chai,83301
2024-09-18,P028,Dish 4,546,0.2,14,,Windy,Fine Dining,R126,Wan Chai,83301
2024-09-19,P029,Dish 1,421,0.25,29,,Rainy,Fine Dining,R126,Wan Chai,83301
2024-09-19,P029,Dish 2,382,0.25,13,,Rainy,Fine Dining,R126,Wan Chai,83301
2024-09-19,P029,Dish 3,273,0.25,42,,Rainy,Fine Dining,R126,Wan Chai,83301
2024-09-19,P029,Dish 4,296,0.25,37,,Rainy,Fine Dining,R126,Wan Chai,83301
2024-09-20,P030,Dish 1,322,0.1,35,,Sunny,Fine Dining,R126,Wan Chai,83301
2024-09-20,P030,Dish 2,448,0.1,12,,Sunny,Fine Dining,R126,Wan Chai,83301
2024-09-20,P030,Dish 3,264,0.1,15,,Sunny,Fine Dining,R126,Wan Chai,83301
2024-09-20,P030,Dish 4,355,0.1,30,,Sunny,Fine Dining,R126,Wan Chai,83301
2024-09-21,P031,Dish 1,372,0.25,41,,Sunny,Fine Dining,R126,Wan Chai,83301
2024-09-21,P031,Dish 2,436,0.25,38,,Sunny,Fine Dining,R126,Wan Chai,83301
2024-09-21,P031,Dish 3,421,0.25,28,,Sunny,Fine Dining,R126,Wan Chai,83301
2024-09-21,P031,Dish 4,649,0.25,23,,Sunny,Fine Dining,R126,Wan Chai,83301
2024-09-22,P032,Dish 1,577,0.25,48,,Sunny,Fine Dining,R126,Wan Chai,83301
2024-09-22,P032,Dish 2,381,0.25,49,,Sunny,Fine Dining,R126,Wan Chai,83301
2024-09-22,P032,Dish 3,474,0.25,34,,Sunny,Fine Dining,R126,Wan Chai,83301
2024-09-22,P032,Dish 4,441,0.25,22,,Sunny,Fine Dining,R126,Wan Chai,83301
2024-09-23,P033,Dish 1,394,0.2,24,,Windy,Fine Dining,R126,Wan Chai,83301
2024-09-23,P033,Dish 2,393,0.2,28,,Windy,Fine Dining,R126,Wan Chai,83301
2024-09-23,P033,Dish 3,360,0.2,45,,Windy,Fine Dining,R126,Wan Chai,83301
2024-09-23,P033,Dish 4,379,0.2,15,,Windy,Fine Dining,R126,Wan Chai,83301
2024-09-24,P034,Dish 1,366,0.0,29,,Sunny,Fine Dining,R126,Wan Chai,83301
2024-09-24,P034,Dish 2,295,0.0,45,,Sunny,Fine Dining,R126,Wan Chai,83301
2024-09-24,P034,Dish 3,336,0.0,47,,Sunny,Fine Dining,R126,Wan Chai,83301
2024-09-24,P034,Dish 4,266,0.0,14,,Sunny,Fine Dining,R126,Wan Chai,83301
2024-09-25,P035,Dish 1,250,0.05,14,,Cloudy,Fine Dining,R126,Wan Chai,83301
2024-09-25,P035,Dish 2,193,0.05,47,,Cloudy,Fine Dining,R126,Wan Chai,83301
2024-09-25,P035,Dish 3,246,0.05,22,,Cloudy,Fine Dining,R126,Wan Chai,83301
2024-09-25,P035,Dish 4,328,0.05,44,,Cloudy,Fine Dining,R126,Wan Chai,83301
2024-09-26,P036,Dish 1,232,0.1,46,,Sunny,Fine Dining,R126,Wan Chai,83301
2024-09-26,P036,Dish 2,355,0.1,16,,Sunny,Fine Dining,R126,Wan Chai,83301
2024-09-26,P036,Dish 3,256,0.1,41,,Sunny,Fine Dining,R126,Wan Chai,83301
2024-09-26,P036,Dish 4,349,0.1,12,,Sunny,Fine Dining,R126,Wan Chai,83301
2024-09-27,P037,Dish 1,330,0.2,50,,Sunny,Fine Dining,R126,Wan Chai,83301
2024-09-27,P037,Dish 2,492,0.2,17,,Sunny,Fine Dining,R126,Wan Chai,83301
2024-09-27,P037,Dish 3,347,0.2,40,,Sunny,Fine Dining,R126,Wan Chai,83301
2024-09-27,P037,Dish 4,345,0.2,41,,Sunny,Fine Dining,R126,Wan Chai,83301
2024-09-28,P038,Dish 1,333,0.1,44,,Sunny,Fine Dining,R126,Wan Chai,83301
2024-09-28,P038,Dish 2,331,0.1,46,,Sunny,Fine Dining,R126,Wan Chai,83301
2024-09-28,P038,Dish 3,323,0.1,47,,Sunny,Fine Dining,R126,Wan Chai,83301
2024-09-28,P038,Dish 4,369,0.1,27,,Sunny,Fine Dining,R126,Wan Chai,83301
2024-09-29,P039,Dish 1,343,0.1,13,,Sunny,Fine Dining,R126,Wan Chai,83301
2024-09-29,P039,Dish 2,383,0.1,33,,Sunny,Fine Dining,R126,Wan Chai,83301
2024-09-29,P039,Dish 3,296,0.1,47,,Sunny,Fine Dining,R126,Wan Chai,83301
2024-09-29,P039,Dish 4,380,0.1,41,,Sunny,Fine Dining,R126,Wan Chai,83301
2024-09-30,P040,Dish 1,351,0.0,18,,Sunny,Fine Dining,R126,Wan Chai,83301
2024-09-30,P040,Dish 2,269,0.0,29,,Sunny,Fine Dining,R126,Wan Chai,83301
2024-09-30,P040,Dish 3,225,0.0,50,,Sunny,Fine Dining,R126,Wan Chai,83301
2024-09-30,P040,Dish 4,259,0.0,37,,Sunny,Fine Dining,R126,Wan Chai,83301
2024-10-01,P012,Dish 1,451,0.1,44,Golden Week,Sunny,Fine Dining,R126,Wan Chai,83301
2024-10-01,P012,Dish 2,642,0.1,32,Golden Week,Sunny,Fine Dining,R126,Wan Chai,83301
2024-10-01,P012,Dish 3,417,0.1,50,Golden Week,Sunny,Fine Dining,R126,Wan Chai,83301
2024-10-01,P012,Dish 4,585,0.1,11,Golden Week,Sunny,Fine Dining,R126,Wan Chai,83301
2024-10-02,P013,Dish 1,328,0.05,12,,Sunny,Fine Dining,R126,Wan Chai,83301
2024-10-02,P013,Dish 2,315,0.05,31,,Sunny,Fine Dining,R126,Wan Chai,83301
2024-10-02,P013,Dish 3,269,0.05,28,,Sunny,Fine Dining,R126,Wan Chai,83301
2024-10-02,P013,Dish 4,260,0.05,37,,Sunny,Fine Dining,R126,Wan Chai,83301
2024-10-03,P014,Dish 1,298,0.1,35,,Sunny,Fine Dining,R126,Wan Chai,83301
2024-10-03,P014,Dish 2,346,0.1,36,,Sunny,Fine Dining,R126,Wan Chai,83301
2024-10-03,P014,Dish 3,329,0.1,38,,Sunny,Fine Dining,R126,Wan Chai,83301
2024-10-03,P014,Dish 4,266,0.1,22,,Sunny,Fine Dining,R126,Wan Chai,83301
2024-10-04,P015,Dish 1,248,0.2,48,,Rainy,Fine Dining,R126,Wan Chai,83301
2024-10-04,P015,Dish 2,379,0.2,43,,Rainy,Fine Dining,R126,Wan Chai,83301
2024-10-04,P015,Dish 3,293,0.2,50,,Rainy,Fine Dining,R126,Wan Chai,83301
2024-10-04,P015,Dish 4,340,0.2,36,,Rainy,Fine Dining,R126,Wan Chai,83301
2024-10-05,P016,Dish 1,317,0.0,37,,Cloudy,Fine Dining,R126,Wan Chai,83301
2024-10-05,P016,Dish 2,401,0.0,12,,Cloudy,Fine Dining,R126,Wan Chai,83301
2024-10-05,P016,Dish 3,388,0.0,40,,Cloudy,Fine Dining,R126,Wan Chai,83301
2024-10-05,P016,Dish 4,327,0.0,31,,Cloudy,Fine Dining,R126,Wan Chai,83301
2024-10-06,P017,Dish 1,368,0.05,39,,Sunny,Fine Dining,R126,Wan Chai,83301
2024-10-06,P017,Dish 2,256,0.05,46,,Sunny,Fine Dining,R126,Wan Chai,83301
2024-10-06,P017,Dish 3,433,0.05,14,,Sunny,Fine Dining,R126,Wan Chai,83301
2024-10-06,P017,Dish 4,355,0.05,31,,Sunny,Fine Dining,R126,Wan Chai,83301
2024-10-07,P018,Dish 1,266,0.05,44,,Sunny,Fine Dining,R126,Wan Chai,83301
2024-10-07,P018,Dish 2,271,0.05,47,,Sunny,Fine Dining,R126,Wan Chai,83301
2024-10-07,P018,Dish 3,246,0.05,47,,Sunny,Fine Dining,R126,Wan Chai,83301
2024-10-07,P018,Dish 4,403,0.05,11,,Sunny,Fine Dining,R126,Wan Chai,83301
2024-10-08,P019,Dish 1,360,0.1,10,,Sunny,Fine Dining,R126,Wan Chai,83301
2024-10-08,P019,Dish 2,250,0.1,50,,Sunny,Fine Dining,R126,Wan Chai,83301
2024-10-08,P019,Dish 3,460,0.1,24,,Sunny,Fine Dining,R126,Wan Chai,83301
2024-10-08,P019,Dish 4,427,0.1,12,,Sunny,Fine Dining,R126,Wan Chai,83301
2024-10-09,P020,Dish 1,461,0.2,45,,Sunny,Fine Dining,R126,Wan Chai,83301
2024-10-09,P020,Dish 2,306,0.2,31,,Sunny,Fine Dining,R126,Wan Chai,83301
2024-10-09,P020,Dish 3,448,0.2,15,,Sunny,Fine Dining,R126,Wan Chai,83301
2024-10-09,P020,Dish 4,607,0.2,12,,Sunny,Fine Dining,R126,Wan Chai,83301
2024-10-10,P021,Dish 1,430,0.25,18,,Sunny,Fine Dining,R126,Wan Chai,83301
2024-10-10,P021,Dish 2,384,0.25,44,,Sunny,Fine Dining,R126,Wan Chai,83301
2024-10-10,P021,Dish 3,674,0.25,17,,Sunny,Fine Dining,R126,Wan Chai,83301
2024-10-10,P021,Dish 4,342,0.25,45,,Sunny,Fine Dining,R126,Wan Chai,83301
2024-10-11,P022,Dish 1,324,0.05,38,Double Ninth Festival,Sunny,Fine Dining,R126,Wan Chai,83301
2024-10-11,P022,Dish 2,418,0.05,24,Double Ninth Festival,Sunny,Fine Dining,R126,Wan Chai,83301
2024-10-11,P022,Dish 3,407,0.05,35,Double Ninth Festival,Sunny,Fine Dining,R126,Wan Chai,83301
2024-10-11,P022,Dish 4,445,0.05,12,Double Ninth Festival,Sunny,Fine Dining,R126,Wan Chai,83301
2024-10-12,P023,Dish 1,422,0.1,46,,Sunny,Fine Dining,R126,Wan Chai,83301
2024-10-12,P023,Dish 2,345,0.1,28,,Sunny,Fine Dining,R126,Wan Chai,83301
2024-10-12,P023,Dish 3,462,0.1,35,,Sunny,Fine Dining,R126,Wan Chai,83301
2024-10-12,P023,Dish 4,419,0.1,21,,Sunny,Fine Dining,R126,Wan Chai,83301
2024-10-13,P024,Dish 1,428,0.1,42,,Sunny,Fine Dining,R126,Wan Chai,83301
2024-10-13,P024,Dish 2,349,0.1,26,,Sunny,Fine Dining,R126,Wan Chai,83301
2024-10-13,P024,Dish 3,423,0.1,28,,Sunny,Fine Dining,R126,Wan Chai,83301
2024-10-13,P024,Dish 4,298,0.1,41,,Sunny,Fine Dining,R126,Wan Chai,83301
2024-10-14,P025,Dish 1,234,0.1,48,,Sunny,Fine Dining,R126,Wan Chai,83301
2024-10-14,P025,Dish 2,377,0.1,21,,Sunny,Fine Dining,R126,Wan Chai,83301
2024-10-14,P025,Dish 3,405,0.1,39,,Sunny,Fine Dining,R126,Wan Chai,83301
2024-10-14,P025,Dish 4,349,0.1,38,,Sunny,Fine Dining,R126,Wan Chai,83301
2024-10-15,P026,Dish 1,352,0.1,10,,Sunny,Fine Dining,R126,Wan Chai,83301
2024-10-15,P026,Dish 2,310,0.1,21,,Sunny,Fine Dining,R126,Wan Chai,83301
2024-10-15,P026,Dish 3,434,0.1,14,,Sunny,Fine Dining,R126,Wan Chai,83301
2024-10-15,P026,Dish 4,320,0.1,23,,Sunny,Fine Dining,R126,Wan Chai,83301
2024-10-16,P027,Dish 1,216,0.0,49,,Windy,Fine Dining,R126,Wan Chai,83301
2024-10-16,P027,Dish 2,293,0.0,12,,Windy,Fine Dining,R126,Wan Chai,83301
2024-10-16,P027,Dish 3,367,0.0,29,,Windy,Fine Dining,R126,Wan Chai,83301
2024-10-16,P027,Dish 4,257,0.0,22,,Windy,Fine Dining,R126,Wan Chai,83301
2024-10-17,P028,Dish 1,398,0.25,37,,Sunny,Fine Dining,R126,Wan Chai,83301
2024-10-17,P028,Dish 2,367,0.25,49,,Sunny,Fine Dining,R126,Wan Chai,83301
2024-10-17,P028,Dish 3,362,0.25,29,,Sunny,Fine Dining,R126,Wan Chai,83301
2024-10-17,P028,Dish 4,354,0.25,30,,Sunny,Fine Dining,R126,Wan Chai,83301
2024-10-18,P029,Dish 1,239,0.1,23,,Sunny,Fine Dining,R126,Wan Chai,83301
2024-10-18,P029,Dish 2,263,0.1,24,,Sunny,Fine Dining,R126,Wan Chai,83301
2024-10-18,P029,Dish 3,239,0.1,42,,Sunny,Fine Dining,R126,Wan Chai,83301
2024-10-18,P029,Dish 4,286,0.1,22,,Sunny,Fine Dining,R126,Wan Chai,83301
2024-10-19,P030,Dish 1,506,0.1,30,,Sunny,Fine Dining,R126,Wan Chai,83301
2024-10-19,P030,Dish 2,435,0.1,20,,Sunny,Fine Dining,R126,Wan Chai,83301
2024-10-19,P030,Dish 3,388,0.1,30,,Sunny,Fine Dining,R126,Wan Chai,83301
2024-10-19,P030,Dish 4,283,0.1,50,,Sunny,Fine Dining,R126,Wan Chai,83301
2024-10-20,P031,Dish 1,543,0.25,13,,Sunny,Fine Dining,R126,Wan Chai,83301
2024-10-20,P031,Dish 2,469,0.25,22,,Sunny,Fine Dining,R126,Wan Chai,83301
2024-10-20,P031,Dish 3,517,0.25,18,,Sunny,Fine Dining,R126,Wan Chai,83301
2024-10-20,P031,Dish 4,460,0.25,24,,Sunny,Fine Dining,R126,Wan Chai,83301
2024-10-21,P032,Dish 1,273,0.1,28,,Sunny,Fine Dining,R126,Wan Chai,83301
2024-10-21,P032,Dish 2,250,0.1,32,,Sunny,Fine Dining,R126,Wan Chai,83301
2024-10-21,P032,Dish 3,283,0.1,11,,Sunny,Fine Dining,R126,Wan Chai,83301
2024-10-21,P032,Dish 4,317,0.1,33,,Sunny,Fine Dining,R126,Wan Chai,83301
2024-10-22,P033,Dish 1,255,0.05,48,,Windy,Fine Dining,R126,Wan Chai,83301
2024-10-22,P033,Dish 2,261,0.05,24,,Windy,Fine Dining,R126,Wan Chai,83301
2024-10-22,P033,Dish 3,327,0.05,30,,Windy,Fine Dining,R126,Wan Chai,83301
2024-10-22,P033,Dish 4,253,0.05,37,,Windy,Fine Dining,R126,Wan Chai,83301
2024-10-23,P034,Dish 1,169,0.05,43,,Cloudy,Fine Dining,R126,Wan Chai,83301
2024-10-23,P034,Dish 2,362,0.05,32,,Cloudy,Fine Dining,R126,Wan Chai,83301
2024-10-23,P034,Dish 3,226,0.05,48,,Cloudy,Fine Dining,R126,Wan Chai,83301
2024-10-23,P034,Dish 4,218,0.05,49,,Cloudy,Fine Dining,R126,Wan Chai,83301
2024-10-24,P035,Dish 1,322,0.1,23,,Sunny,Fine Dining,R126,Wan Chai,83301
2024-10-24,P035,Dish 2,370,0.1,31,,Sunny,Fine Dining,R126,Wan Chai,83301
2024-10-24,P035,Dish 3,312,0.1,30,,Sunny,Fine Dining,R126,Wan Chai,83301
2024-10-24,P035,Dish 4,272,0.1,19,,Sunny,Fine Dining,R126,Wan Chai,83301
2024-10-25,P036,Dish 1,294,0.0,44,,Sunny,Fine Dining,R126,Wan Chai,83301
2024-10-25,P036,Dish 2,181,0.0,26,,Sunny,Fine Dining,R126,Wan Chai,83301
2024-10-25,P036,Dish 3,258,0.0,49,,Sunny,Fine Dining,R126,Wan Chai,83301
2024-10-25,P036,Dish 4,212,0.0,47,,Sunny,Fine Dining,R126,Wan Chai,83301
2024-10-26,P037,Dish 1,386,0.05,17,,Sunny,Fine Dining,R126,Wan Chai,83301
2024-10-26,P037,Dish 2,294,0.05,47,,Sunny,Fine Dining,R126,Wan Chai,83301
2024-10-26,P037,Dish 3,363,0.05,22,,Sunny,Fine Dining,R126,Wan Chai,83301
2024-10-26,P037,Dish 4,331,0.05,40,,Sunny,Fine Dining,R126,Wan Chai,83301
2024-10-27,P038,Dish 1,480,0.25,30,,Sunny,Fine Dining,R126,Wan Chai,83301
2024-10-27,P038,Dish 2,627,0.25,44,,Sunny,Fine Dining,R126,Wan Chai,83301
2024-10-27,P038,Dish 3,528,0.25,11,,Sunny,Fine Dining,R126,Wan Chai,83301
2024-10-27,P038,Dish 4,622,0.25,11,,Sunny,Fine Dining,R126,Wan Chai,83301
2024-10-28,P039,Dish 1,350,0.05,13,,Sunny,Fine Dining,R126,Wan Chai,83301
2024-10-28,P039,Dish 2,270,0.05,46,,Sunny,Fine Dining,R126,Wan Chai,83301
2024-10-28,P039,Dish 3,305,0.05,27,,Sunny,Fine Dining,R126,Wan Chai,83301
2024-10-28,P039,Dish 4,321,0.05,29,,Sunny,Fine Dining,R126,Wan Chai,83301
2024-10-29,P040,Dish 1,252,0.2,48,,Sunny,Fine Dining,R126,Wan Chai,83301
2024-10-29,P040,Dish 2,407,0.2,41,,Sunny,Fine Dining,R126,Wan Chai,83301
2024-10-29,P040,Dish 3,294,0.2,37,,Sunny,Fine Dining,R126,Wan Chai,83301
2024-10-29,P040,Dish 4,300,0.2,38,,Sunny,Fine Dining,R126,Wan Chai,83301
2024-10-30,P041,Dish 1,269,0.0,24,,Cloudy,Fine Dining,R126,Wan Chai,83301
2024-10-30,P041,Dish 2,360,0.0,19,,Cloudy,Fine Dining,R126,Wan Chai,83301
2024-10-30,P041,Dish 3,378,0.0,14,,Cloudy,Fine Dining,R126,Wan Chai,83301
2024-10-30,P041,Dish 4,317,0.0,35,,Cloudy,Fine Dining,R126,Wan Chai,83301
2024-10-31,P042,Dish 1,312,0.0,22,,Sunny,Fine Dining,R126,Wan Chai,83301
2024-10-31,P042,Dish 2,268,0.0,12,,Sunny,Fine Dining,R126,Wan Chai,83301
2024-10-31,P042,Dish 3,351,0.0,28,,Sunny,Fine Dining,R126,Wan Chai,83301
2024-10-31,P042,Dish 4,375,0.0,14,,Sunny,Fine Dining,R126,Wan Chai,83301
